sale_id,order_date,status,product_id,customer_id,store_id,employee_id,quantity,amount
SALE00001,2025-10-15,Completed,PROD0034,CUST0045,STORE008,EMP0193,2,1101.55
SALE00002,2025-11-29,Completed,PROD0050,CUST0052,STORE002,EMP0009,3,3135.93
SALE00003,2026-03-03,Completed,PROD0032,CUST0041,STORE020,EMP0022,1,146.21
SALE00004,2026-03-14,Completed,PROD0030,CUST0156,STORE019,EMP0032,5,5512.58
SALE00005,2025-12-08,Completed,PROD0013,CUST0126,STORE007,EMP0130,4,4401.54
SALE00006,2025-10-02,Completed,PROD0019,CUST0026,STORE018,EMP0077,2,1569.33
SALE00007,2025-12-02,Completed,PROD0043,CUST0107,STORE010,EMP0094,2,948.58
SALE00008,2026-01-09,Completed,PROD0032,CUST0127,STORE005,EMP0140,4,610.05
SALE00009,2025-12-10,Completed,PROD0032,CUST0078,STORE011,EMP0044,5,699.17
SALE00010,2025-10-14,Completed,PROD0033,CUST0061,STORE008,EMP0109,1,1184.09
SALE00011,2026-01-17,Completed,PROD0017,CUST0054,STORE002,EMP0169,2,708.48
SALE00012,2025-11-01,Completed,PROD0035,CUST0143,STORE009,EMP0001,4,1267.49
SALE00013,2025-10-17,Cancelled,PROD0022,CUST0013,STORE005,EMP0064,2,1700.57
SALE00014,2026-02-26,Completed,PROD0035,CUST0005,STORE017,EMP0077,5,1573.4
SALE00015,2026-02-22,Completed,PROD0035,CUST0092,STORE019,EMP0012,5,1418.78
SALE00016,2026-02-21,Completed,PROD0002,CUST0067,STORE016,EMP0133,1,837.76
SALE00017,2026-02-19,Completed,PROD0049,CUST0092,STORE007,EMP0076,4,2138.06
SALE00018,2025-11-29,Completed,PROD0003,CUST0174,STORE003,EMP0169,4,3724.33
SALE00019,2026-02-28,Completed,PROD0028,CUST0041,STORE016,EMP0137,3,3306.85
SALE00020,2026-03-16,Completed,PROD0008,CUST0045,STORE020,EMP0114,4,736.22
SALE00021,2025-12-06,Pending,PROD0025,CUST0129,STORE003,EMP0036,4,2303.88
SALE00022,2025-09-27,Completed,PROD0029,CUST0009,STORE006,EMP0148,2,52.92
SALE00023,2025-11-28,Completed,PROD0021,CUST0017,STORE017,EMP0126,1,247.12
SALE00024,2025-12-20,Completed,PROD0025,CUST0087,STORE013,EMP0178,3,1857.72
SALE00025,2026-01-25,Completed,PROD0029,CUST0111,STORE017,EMP0081,4,103.87
SALE00026,2026-02-26,Completed,PROD0030,CUST0030,STORE012,EMP0134,2,2262.4
SALE00027,2025-10-14,Completed,PROD0003,CUST0159,STORE016,EMP0091,3,3019.46
SALE00028,2025-10-03,Completed,PROD0003,CUST0059,STORE017,EMP0156,1,969.61
SALE00029,2026-02-07,Completed,PROD0012,CUST0031,STORE015,EMP0138,1,1148.46
SALE00030,2026-01-03,Completed,PROD0036,CUST0144,STORE006,EMP0131,1,708.47
SALE00031,2025-11-18,Completed,PROD0043,CUST0058,STORE011,EMP0054,3,1274.28
SALE00032,2025-12-18,Pending,PROD0050,CUST0125,STORE012,EMP0177,5,5012.64
SALE00033,2025-11-05,Completed,PROD0020,CUST0067,STORE017,EMP0026,3,3439.43
SALE00034,2026-01-03,Completed,PROD0046,CUST0088,STORE016,EMP0170,1,597.1
SALE00035,2025-11-14,Completed,PROD0011,CUST0091,STORE016,EMP0012,2,1687.81
SALE00036,2025-12-18,Completed,PROD0032,CUST0197,STORE016,EMP0061,3,406.32
SALE00037,2026-03-17,Completed,PROD0028,CUST0012,STORE009,EMP0010,2,2420.29
SALE00038,2026-02-26,Completed,PROD0009,CUST0198,STORE019,EMP0049,5,1371.94
SALE00039,2025-10-29,Pending,PROD0020,CUST0143,STORE013,EMP0037,1,974.16
SALE00040,2025-10-04,Pending,PROD0046,CUST0069,STORE019,EMP0077,1,650.73
SALE00041,2025-10-03,Pending,PROD0025,CUST0039,STORE002,EMP0056,2,1227.51
SALE00042,2026-01-16,Completed,PROD0032,CUST0177,STORE007,EMP0035,5,760.07
SALE00043,2026-01-15,Completed,PROD0049,CUST0132,STORE008,EMP0155,1,554.26
SALE00044,2026-03-02,Completed,PROD0008,CUST0155,STORE007,EMP0142,3,521.01
SALE00045,2025-11-17,Completed,PROD0037,CUST0172,STORE015,EMP0056,2,547.27
SALE00046,2026-01-10,Completed,PROD0044,CUST0027,STORE008,EMP0152,5,1727.67
SALE00047,2026-02-23,Completed,PROD0032,CUST0181,STORE013,EMP0092,2,272.5
SALE00048,2026-03-09,Pending,PROD0043,CUST0013,STORE007,EMP0072,1,467.72
SALE00049,2026-03-24,Completed,PROD0036,CUST0113,STORE010,EMP0033,2,1349.37
SALE00050,2026-01-18,Pending,PROD0044,CUST0118,STORE014,EMP0187,3,996.56
SALE00051,2026-03-20,Completed,PROD0035,CUST0194,STORE013,EMP0160,1,296.47
SALE00052,2026-02-06,Cancelled,PROD0037,CUST0029,STORE019,EMP0109,5,1333.49
SALE00053,2026-03-11,Cancelled,PROD0031,CUST0028,STORE006,EMP0020,5,5795.15
SALE00054,2025-12-05,Completed,PROD0031,CUST0157,STORE012,EMP0141,1,1233.22
SALE00055,2026-02-24,Cancelled,PROD0036,CUST0157,STORE009,EMP0066,5,3343.32
SALE00056,2026-02-19,Cancelled,PROD0011,CUST0027,STORE018,EMP0067,4,2974.99
SALE00057,2025-10-05,Completed,PROD0033,CUST0144,STORE003,EMP0098,1,1316.12
SALE00058,2025-10-01,Completed,PROD0004,CUST0011,STORE005,EMP0167,1,1012.21
SALE00059,2026-01-03,Completed,PROD0026,CUST0130,STORE003,EMP0042,3,3193.14
SALE00060,2026-01-31,Pending,PROD0017,CUST0027,STORE010,EMP0103,1,350.68
SALE00061,2026-03-03,Pending,PROD0032,CUST0043,STORE015,EMP0117,3,454.7
SALE00062,2026-02-08,Completed,PROD0038,CUST0162,STORE017,EMP0022,1,1140.89
SALE00063,2025-10-19,Cancelled,PROD0025,CUST0031,STORE012,EMP0066,3,1868.33
SALE00064,2026-03-09,Cancelled,PROD0040,CUST0053,STORE008,EMP0174,3,2586.7
SALE00065,2026-03-08,Completed,PROD0044,CUST0093,STORE019,EMP0109,4,1306.79
SALE00066,2026-02-17,Completed,PROD0023,CUST0041,STORE002,EMP0178,5,4369.03
SALE00067,2025-12-28,Cancelled,PROD0050,CUST0187,STORE015,EMP0037,2,2106.15
SALE00068,2026-03-15,Completed,PROD0019,CUST0075,STORE017,EMP0138,3,2270.42
SALE00069,2026-02-04,Completed,PROD0021,CUST0182,STORE020,EMP0053,4,938.68
SALE00070,2026-03-01,Completed,PROD0004,CUST0114,STORE011,EMP0019,3,3336.52
SALE00071,2025-10-25,Completed,PROD0002,CUST0196,STORE014,EMP0162,2,1863.29
SALE00072,2025-10-02,Completed,PROD0038,CUST0130,STORE015,EMP0188,1,1019.08
SALE00073,2026-03-04,Completed,PROD0003,CUST0128,STORE015,EMP0069,3,3136.26
SALE00074,2026-02-07,Completed,PROD0009,CUST0188,STORE014,EMP0163,4,1229.41
SALE00075,2025-10-07,Completed,PROD0024,CUST0026,STORE014,EMP0179,5,3142.11
SALE00076,2025-11-23,Completed,PROD0023,CUST0040,STORE012,EMP0166,1,894.28
SALE00077,2025-09-28,Completed,PROD0048,CUST0166,STORE016,EMP0050,5,6146.95
SALE00078,2025-11-06,Completed,PROD0038,CUST0094,STORE011,EMP0183,2,2389.9
SALE00079,2025-12-10,Completed,PROD0002,CUST0086,STORE009,EMP0096,1,904.1
SALE00080,2026-01-19,Completed,PROD0049,CUST0036,STORE013,EMP0145,5,2913.78
SALE00081,2025-12-21,Pending,PROD0041,CUST0032,STORE001,EMP0169,4,1741.1
SALE00082,2025-11-07,Completed,PROD0022,CUST0052,STORE006,EMP0166,4,3348.34
SALE00083,2026-01-21,Completed,PROD0025,CUST0113,STORE015,EMP0131,5,2700.99
SALE00084,2026-02-20,Completed,PROD0007,CUST0107,STORE008,EMP0155,1,724.32
SALE00085,2026-03-05,Pending,PROD0028,CUST0197,STORE009,EMP0042,3,3460.21
SALE00086,2026-03-09,Completed,PROD0023,CUST0197,STORE003,EMP0108,2,1655.67
SALE00087,2026-03-22,Completed,PROD0023,CUST0002,STORE012,EMP0040,2,1605.59
SALE00088,2026-02-23,Completed,PROD0027,CUST0063,STORE003,EMP0081,4,1470.44
SALE00089,2025-10-17,Completed,PROD0023,CUST0122,STORE010,EMP0112,1,872.93
SALE00090,2026-03-23,Pending,PROD0004,CUST0088,STORE017,EMP0098,1,1074.53
SALE00091,2026-03-05,Completed,PROD0043,CUST0074,STORE017,EMP0007,2,949.6
SALE00092,2025-09-28,Cancelled,PROD0016,CUST0130,STORE018,EMP0155,2,454.4
SALE00093,2026-02-16,Completed,PROD0016,CUST0044,STORE003,EMP0064,2,471.8
SALE00094,2026-02-27,Completed,PROD0016,CUST0022,STORE009,EMP0020,2,443.43
SALE00095,2025-10-30,Pending,PROD0042,CUST0069,STORE008,EMP0070,5,3054.22
SALE00096,2025-12-15,Pending,PROD0020,CUST0096,STORE004,EMP0032,5,5613.03
SALE00097,2025-12-05,Pending,PROD0038,CUST0184,STORE004,EMP0137,5,5231.54
SALE00098,2026-03-03,Completed,PROD0006,CUST0194,STORE003,EMP0029,5,5939.34
SALE00099,2026-02-17,Cancelled,PROD0045,CUST0107,STORE012,EMP0176,3,1838.1
SALE00100,2026-03-20,Completed,PROD0005,CUST0093,STORE002,EMP0141,4,2802.9
SALE00101,2025-10-14,Completed,PROD0020,CUST0162,STORE018,EMP0105,2,1941.02
SALE00102,2026-02-27,Completed,PROD0008,CUST0171,STORE007,EMP0017,3,472.72
SALE00103,2026-03-17,Pending,PROD0022,CUST0063,STORE011,EMP0085,3,2486.24
SALE00104,2026-01-25,Completed,PROD0011,CUST0039,STORE007,EMP0164,3,2171.14
SALE00105,2025-10-30,Completed,PROD0002,CUST0193,STORE011,EMP0023,5,4468.5
SALE00106,2026-01-29,Completed,PROD0035,CUST0193,STORE009,EMP0093,4,1132.8
SALE00107,2025-10-17,Completed,PROD0021,CUST0136,STORE010,EMP0086,1,234.45
SALE00108,2026-03-02,Completed,PROD0003,CUST0108,STORE009,EMP0200,4,4030.21
SALE00109,2025-10-11,Completed,PROD0030,CUST0059,STORE007,EMP0070,2,2115.57
SALE00110,2026-02-26,Completed,PROD0043,CUST0036,STORE020,EMP0038,2,871.62
SALE00111,2026-02-24,Completed,PROD0028,CUST0110,STORE005,EMP0058,5,5502.36
SALE00112,2026-02-04,Cancelled,PROD0037,CUST0106,STORE018,EMP0071,5,1165.51
SALE00113,2025-11-16,Completed,PROD0033,CUST0105,STORE009,EMP0003,1,1220.78
SALE00114,2025-11-18,Completed,PROD0027,CUST0118,STORE001,EMP0026,2,790.9
SALE00115,2025-10-29,Completed,PROD0018,CUST0133,STORE010,EMP0097,5,3875.87
SALE00116,2026-01-01,Completed,PROD0002,CUST0175,STORE010,EMP0057,4,3330.25
SALE00117,2025-10-25,Completed,PROD0045,CUST0093,STORE012,EMP0097,1,657.45
SALE00118,2026-03-18,Completed,PROD0031,CUST0008,STORE013,EMP0027,1,1146.55
SALE00119,2026-03-13,Cancelled,PROD0038,CUST0114,STORE013,EMP0032,2,2335.81
SALE00120,2025-10-16,Completed,PROD0002,CUST0038,STORE019,EMP0045,3,2376.2
SALE00121,2026-03-05,Completed,PROD0021,CUST0198,STORE001,EMP0135,5,1118.89
SALE00122,2026-03-04,Completed,PROD0025,CUST0003,STORE016,EMP0187,1,536.38
SALE00123,2025-10-03,Pending,PROD0037,CUST0184,STORE017,EMP0079,4,991.07
SALE00124,2026-02-22,Pending,PROD0025,CUST0133,STORE005,EMP0151,1,589.83
SALE00125,2026-01-18,Completed,PROD0021,CUST0018,STORE013,EMP0126,4,848.45
SALE00126,2026-03-24,Completed,PROD0037,CUST0022,STORE008,EMP0025,3,782.98
SALE00127,2026-03-06,Completed,PROD0007,CUST0087,STORE008,EMP0136,2,1388.67
SALE00128,2026-01-18,Completed,PROD0032,CUST0081,STORE007,EMP0090,3,443.85
SALE00129,2025-11-15,Completed,PROD0007,CUST0103,STORE016,EMP0180,2,1456.23
SALE00130,2026-03-02,Completed,PROD0045,CUST0198,STORE008,EMP0147,1,602.23
SALE00131,2025-11-10,Completed,PROD0044,CUST0043,STORE017,EMP0073,3,894.25
SALE00132,2026-02-25,Completed,PROD0014,CUST0112,STORE019,EMP0142,5,646.05
SALE00133,2025-10-20,Completed,PROD0022,CUST0016,STORE018,EMP0070,3,2726.36
SALE00134,2026-03-20,Completed,PROD0032,CUST0101,STORE015,EMP0156,3,404.77
SALE00135,2026-02-27,Completed,PROD0033,CUST0195,STORE015,EMP0026,1,1117.52
SALE00136,2026-03-22,Completed,PROD0049,CUST0010,STORE011,EMP0013,1,568.76
SALE00137,2026-02-28,Cancelled,PROD0043,CUST0170,STORE003,EMP0044,2,938.22
SALE00138,2026-02-19,Completed,PROD0022,CUST0165,STORE011,EMP0082,4,3453.64
SALE00139,2025-10-15,Completed,PROD0011,CUST0039,STORE007,EMP0193,3,2527.03
SALE00140,2026-01-18,Completed,PROD0040,CUST0148,STORE014,EMP0100,4,3750.14
SALE00141,2026-03-04,Cancelled,PROD0020,CUST0015,STORE014,EMP0047,3,3157.05
SALE00142,2026-03-22,Completed,PROD0024,CUST0162,STORE007,EMP0089,4,2524.34
SALE00143,2026-03-07,Completed,PROD0028,CUST0183,STORE015,EMP0190,2,2137.51
SALE00144,2026-02-01,Completed,PROD0013,CUST0170,STORE015,EMP0174,1,1049.84
SALE00145,2026-01-11,Cancelled,PROD0032,CUST0134,STORE018,EMP0137,5,757.5
SALE00146,2025-12-12,Completed,PROD0041,CUST0076,STORE001,EMP0142,4,1836.95
SALE00147,2026-03-23,Completed,PROD0005,CUST0108,STORE012,EMP0153,1,727.96
SALE00148,2025-11-14,Completed,PROD0035,CUST0103,STORE005,EMP0104,3,831.56
SALE00149,2026-02-01,Completed,PROD0014,CUST0175,STORE019,EMP0123,3,380.61
SALE00150,2025-11-15,Completed,PROD0019,CUST0180,STORE005,EMP0152,4,3002.13
SALE00151,2025-12-05,Pending,PROD0017,CUST0142,STORE010,EMP0033,4,1429.5
SALE00152,2026-01-30,Completed,PROD0004,CUST0078,STORE001,EMP0067,5,5018.36
SALE00153,2025-10-31,Completed,PROD0020,CUST0185,STORE016,EMP0003,2,2241.68
SALE00154,2026-03-15,Completed,PROD0037,CUST0191,STORE012,EMP0176,4,1010.19
SALE00155,2026-03-18,Completed,PROD0026,CUST0081,STORE011,EMP0132,3,3423.94
SALE00156,2025-10-03,Completed,PROD0015,CUST0089,STORE008,EMP0183,5,4453.62
SALE00157,2025-12-31,Completed,PROD0040,CUST0003,STORE014,EMP0040,5,4366.13
SALE00158,2026-01-10,Completed,PROD0048,CUST0072,STORE014,EMP0169,3,3680.65
SALE00159,2025-10-24,Completed,PROD0006,CUST0136,STORE013,EMP0033,3,3489.88
SALE00160,2026-01-31,Completed,PROD0046,CUST0157,STORE018,EMP0037,1,620.88
SALE00161,2025-10-23,Completed,PROD0038,CUST0038,STORE010,EMP0097,4,4184.31
SALE00162,2026-02-11,Completed,PROD0007,CUST0180,STORE011,EMP0146,5,3498.98
SALE00163,2025-12-14,Pending,PROD0038,CUST0104,STORE019,EMP0189,4,4474.12
SALE00164,2025-12-07,Completed,PROD0022,CUST0115,STORE001,EMP0069,3,2793.65
SALE00165,2025-11-29,Completed,PROD0018,CUST0165,STORE019,EMP0014,1,825.39
SALE00166,2026-02-25,Completed,PROD0005,CUST0053,STORE002,EMP0186,5,3620.27
SALE00167,2025-12-15,Completed,PROD0037,CUST0140,STORE005,EMP0164,1,231.46
SALE00168,2025-10-21,Completed,PROD0034,CUST0160,STORE005,EMP0095,2,1050.7
SALE00169,2025-10-11,Completed,PROD0031,CUST0159,STORE011,EMP0182,5,6043.29
SALE00170,2026-01-04,Cancelled,PROD0028,CUST0167,STORE019,EMP0200,1,1087.2
SALE00171,2025-12-26,Completed,PROD0014,CUST0114,STORE020,EMP0064,2,247.99
SALE00172,2026-03-17,Completed,PROD0023,CUST0179,STORE020,EMP0174,1,871.82
SALE00173,2026-01-19,Completed,PROD0005,CUST0089,STORE019,EMP0156,3,2110.8
SALE00174,2026-01-04,Completed,PROD0042,CUST0167,STORE013,EMP0108,4,2489.16
SALE00175,2026-03-13,Pending,PROD0020,CUST0104,STORE013,EMP0181,2,1986.51
SALE00176,2026-03-01,Completed,PROD0033,CUST0199,STORE007,EMP0118,5,6323.4
SALE00177,2025-12-30,Completed,PROD0020,CUST0051,STORE013,EMP0047,4,4548.82
SALE00178,2026-03-11,Completed,PROD0028,CUST0078,STORE003,EMP0113,1,1216.77
SALE00179,2026-02-17,Completed,PROD0043,CUST0022,STORE018,EMP0091,2,805.99
SALE00180,2026-01-21,Cancelled,PROD0035,CUST0010,STORE013,EMP0120,4,1285.74
SALE00181,2026-03-18,Cancelled,PROD0021,CUST0138,STORE007,EMP0129,4,978.34
SALE00182,2025-10-07,Completed,PROD0013,CUST0086,STORE016,EMP0074,1,994.49
SALE00183,2025-10-20,Pending,PROD0027,CUST0100,STORE004,EMP0071,3,1334.06
SALE00184,2026-03-20,Pending,PROD0026,CUST0186,STORE011,EMP0110,4,4531.67
SALE00185,2026-02-23,Pending,PROD0017,CUST0185,STORE019,EMP0134,4,1202.41
SALE00186,2025-12-29,Completed,PROD0040,CUST0190,STORE015,EMP0184,5,4431.54
SALE00187,2025-10-24,Completed,PROD0033,CUST0033,STORE010,EMP0059,4,4354.07
SALE00188,2025-12-19,Completed,PROD0030,CUST0134,STORE003,EMP0079,1,1181.47
SALE00189,2026-03-10,Completed,PROD0043,CUST0139,STORE006,EMP0163,1,432.4
SALE00190,2026-03-17,Completed,PROD0049,CUST0073,STORE004,EMP0023,2,1108.79
SALE00191,2026-02-20,Completed,PROD0036,CUST0055,STORE018,EMP0079,1,748.39
SALE00192,2025-10-19,Pending,PROD0012,CUST0024,STORE006,EMP0105,4,4012.92
SALE00193,2025-11-08,Completed,PROD0002,CUST0131,STORE002,EMP0198,4,3185.92
SALE00194,2025-12-26,Completed,PROD0041,CUST0142,STORE020,EMP0081,2,853.32
SALE00195,2026-02-20,Pending,PROD0046,CUST0080,STORE016,EMP0024,4,2382.73
SALE00196,2026-03-05,Completed,PROD0034,CUST0134,STORE001,EMP0163,3,1612.14
SALE00197,2026-01-08,Completed,PROD0012,CUST0088,STORE006,EMP0021,1,1137.88
SALE00198,2025-10-04,Completed,PROD0037,CUST0194,STORE007,EMP0020,3,768.69
SALE00199,2025-11-21,Completed,PROD0032,CUST0163,STORE003,EMP0187,3,421.52
SALE00200,2026-01-17,Cancelled,PROD0014,CUST0041,STORE013,EMP0062,5,599.08
SALE00201,2026-03-05,Cancelled,PROD0043,CUST0006,STORE010,EMP0024,4,1812.68
SALE00202,2026-01-16,Completed,PROD0048,CUST0008,STORE007,EMP0043,2,2226.22
SALE00203,2025-12-15,Completed,PROD0030,CUST0139,STORE008,EMP0148,4,4718.86
SALE00204,2026-01-29,Completed,PROD0018,CUST0152,STORE010,EMP0015,1,800.97
SALE00205,2025-11-26,Completed,PROD0041,CUST0067,STORE017,EMP0022,3,1396.9
SALE00206,2026-01-31,Completed,PROD0035,CUST0062,STORE003,EMP0191,4,1264.06
SALE00207,2025-11-10,Completed,PROD0040,CUST0199,STORE015,EMP0074,1,855.62
SALE00208,2026-01-23,Completed,PROD0050,CUST0078,STORE002,EMP0142,5,4566.23
SALE00209,2025-12-24,Pending,PROD0028,CUST0186,STORE012,EMP0127,2,2509.01
SALE00210,2026-02-14,Completed,PROD0037,CUST0109,STORE017,EMP0003,4,931.63
SALE00211,2026-02-08,Completed,PROD0047,CUST0130,STORE001,EMP0109,2,230.91
SALE00212,2026-03-05,Completed,PROD0041,CUST0029,STORE006,EMP0174,2,859.41
SALE00213,2026-03-21,Cancelled,PROD0004,CUST0188,STORE011,EMP0131,3,2969.51
SALE00214,2026-03-14,Completed,PROD0034,CUST0016,STORE014,EMP0188,5,3058.72
SALE00215,2025-12-09,Completed,PROD0013,CUST0096,STORE013,EMP0035,1,1032.0
SALE00216,2025-11-01,Completed,PROD0024,CUST0067,STORE006,EMP0123,5,3621.19
SALE00217,2025-12-10,Pending,PROD0030,CUST0161,STORE004,EMP0128,4,4357.49
SALE00218,2026-01-23,Completed,PROD0010,CUST0130,STORE005,EMP0132,1,261.16
SALE00219,2026-01-16,Completed,PROD0016,CUST0091,STORE018,EMP0176,3,775.01
SALE00220,2026-02-27,Completed,PROD0010,CUST0032,STORE014,EMP0174,4,1053.9
SALE00221,2026-02-07,Completed,PROD0048,CUST0013,STORE016,EMP0137,4,4737.61
SALE00222,2026-03-07,Pending,PROD0044,CUST0194,STORE003,EMP0179,2,602.7
SALE00223,2026-02-14,Completed,PROD0049,CUST0167,STORE013,EMP0032,1,535.42
SALE00224,2025-12-19,Completed,PROD0020,CUST0032,STORE007,EMP0104,2,2236.75
SALE00225,2025-12-06,Completed,PROD0028,CUST0115,STORE005,EMP0004,1,1149.05
SALE00226,2026-03-17,Completed,PROD0027,CUST0077,STORE007,EMP0158,4,1578.28
SALE00227,2025-10-19,Completed,PROD0021,CUST0147,STORE010,EMP0049,3,757.83
SALE00228,2025-10-09,Completed,PROD0005,CUST0189,STORE014,EMP0191,3,2181.75
SALE00229,2025-10-04,Pending,PROD0041,CUST0002,STORE016,EMP0002,2,981.83
SALE00230,2026-03-02,Completed,PROD0014,CUST0117,STORE006,EMP0183,1,118.56
SALE00231,2025-11-18,Completed,PROD0027,CUST0087,STORE020,EMP0109,2,832.85
SALE00232,2025-11-27,Cancelled,PROD0018,CUST0061,STORE019,EMP0180,1,872.38
SALE00233,2026-01-23,Completed,PROD0019,CUST0191,STORE010,EMP0137,3,2212.62
SALE00234,2025-12-03,Completed,PROD0042,CUST0149,STORE019,EMP0192,4,2387.78
SALE00235,2026-03-12,Completed,PROD0011,CUST0145,STORE007,EMP0089,1,782.27
SALE00236,2025-10-11,Completed,PROD0017,CUST0183,STORE017,EMP0063,3,909.52
SALE00237,2025-12-01,Completed,PROD0044,CUST0161,STORE015,EMP0190,4,1284.71
SALE00238,2025-10-20,Completed,PROD0039,CUST0171,STORE009,EMP0170,4,2428.56
SALE00239,2026-03-02,Completed,PROD0016,CUST0137,STORE007,EMP0136,5,1192.94
SALE00240,2025-10-27,Completed,PROD0026,CUST0153,STORE001,EMP0176,2,1889.83
SALE00241,2026-02-18,Completed,PROD0016,CUST0060,STORE005,EMP0156,3,755.64
SALE00242,2026-03-13,Completed,PROD0008,CUST0090,STORE015,EMP0011,2,324.89
SALE00243,2026-03-25,Completed,PROD0010,CUST0077,STORE003,EMP0156,1,268.51
SALE00244,2026-02-26,Completed,PROD0013,CUST0073,STORE013,EMP0115,1,995.78
SALE00245,2025-09-28,Completed,PROD0002,CUST0171,STORE020,EMP0044,4,3311.23
SALE00246,2026-02-13,Completed,PROD0016,CUST0184,STORE008,EMP0173,3,762.9
SALE00247,2025-12-02,Pending,PROD0020,CUST0147,STORE017,EMP0196,3,2933.36
SALE00248,2026-01-14,Completed,PROD0030,CUST0173,STORE011,EMP0135,2,2155.05
SALE00249,2025-12-28,Completed,PROD0032,CUST0036,STORE019,EMP0058,2,301.28
SALE00250,2025-10-21,Completed,PROD0036,CUST0183,STORE016,EMP0045,3,2074.57
SALE00251,2025-12-13,Cancelled,PROD0028,CUST0097,STORE015,EMP0020,4,4611.72
SALE00252,2026-02-14,Completed,PROD0028,CUST0134,STORE015,EMP0094,4,4697.65
SALE00253,2025-10-16,Completed,PROD0042,CUST0189,STORE019,EMP0035,4,2483.27
SALE00254,2025-09-29,Completed,PROD0003,CUST0064,STORE002,EMP0132,5,4959.3
SALE00255,2025-10-19,Pending,PROD0013,CUST0027,STORE003,EMP0091,2,2054.89
SALE00256,2025-12-29,Completed,PROD0011,CUST0084,STORE010,EMP0014,4,3362.68
SALE00257,2026-03-09,Pending,PROD0018,CUST0133,STORE015,EMP0109,3,2475.32
SALE00258,2026-01-02,Completed,PROD0009,CUST0150,STORE012,EMP0127,5,1625.64
SALE00259,2026-01-04,Completed,PROD0002,CUST0050,STORE010,EMP0098,4,3738.62
SALE00260,2026-01-16,Completed,PROD0017,CUST0200,STORE013,EMP0044,1,339.57
SALE00261,2025-09-26,Completed,PROD0018,CUST0093,STORE020,EMP0096,5,3678.71
SALE00262,2026-01-26,Completed,PROD0043,CUST0117,STORE006,EMP0029,5,2153.21
SALE00263,2026-03-10,Completed,PROD0036,CUST0026,STORE014,EMP0087,2,1371.12
SALE00264,2025-12-14,Completed,PROD0012,CUST0038,STORE008,EMP0174,1,1193.39
SALE00265,2026-02-25,Cancelled,PROD0042,CUST0183,STORE006,EMP0064,5,2940.99
SALE00266,2026-02-06,Pending,PROD0003,CUST0109,STORE020,EMP0139,5,4557.79
SALE00267,2026-03-03,Completed,PROD0047,CUST0106,STORE014,EMP0197,2,270.81
SALE00268,2025-12-24,Completed,PROD0032,CUST0021,STORE015,EMP0031,3,433.53
SALE00269,2026-02-15,Pending,PROD0002,CUST0024,STORE013,EMP0075,3,2687.62
SALE00270,2026-01-29,Completed,PROD0004,CUST0016,STORE006,EMP0077,1,1189.13
SALE00271,2025-09-27,Pending,PROD0006,CUST0109,STORE019,EMP0124,2,2119.97
SALE00272,2025-11-02,Completed,PROD0021,CUST0034,STORE004,EMP0076,4,934.43
SALE00273,2026-02-13,Completed,PROD0039,CUST0122,STORE013,EMP0068,2,1415.49
SALE00274,2026-01-16,Completed,PROD0020,CUST0055,STORE002,EMP0055,4,4252.06
SALE00275,2026-02-26,Cancelled,PROD0005,CUST0115,STORE008,EMP0001,3,2082.55
SALE00276,2026-01-17,Completed,PROD0027,CUST0020,STORE006,EMP0189,1,433.45
SALE00277,2026-02-05,Pending,PROD0024,CUST0095,STORE009,EMP0162,4,2866.17
SALE00278,2025-11-04,Completed,PROD0043,CUST0174,STORE018,EMP0146,3,1272.09
SALE00279,2025-11-02,Completed,PROD0043,CUST0135,STORE010,EMP0101,5,1999.8
SALE00280,2026-01-18,Cancelled,PROD0006,CUST0104,STORE003,EMP0056,1,1142.21
SALE00281,2026-01-30,Completed,PROD0026,CUST0151,STORE007,EMP0079,4,4378.66
SALE00282,2026-01-23,Completed,PROD0047,CUST0144,STORE016,EMP0165,2,276.55
SALE00283,2026-03-16,Completed,PROD0009,CUST0133,STORE014,EMP0132,4,1288.69
SALE00284,2026-01-04,Completed,PROD0016,CUST0200,STORE018,EMP0010,5,1178.33
SALE00285,2025-12-07,Completed,PROD0008,CUST0102,STORE004,EMP0119,1,157.0
SALE00286,2025-10-01,Completed,PROD0037,CUST0068,STORE012,EMP0159,1,264.69
SALE00287,2026-03-18,Completed,PROD0048,CUST0150,STORE003,EMP0125,2,2169.01
SALE00288,2026-01-09,Completed,PROD0033,CUST0128,STORE004,EMP0015,2,2397.35
SALE00289,2025-12-12,Completed,PROD0008,CUST0163,STORE017,EMP0092,4,641.01
SALE00290,2026-03-13,Completed,PROD0034,CUST0109,STORE011,EMP0002,5,2812.76
SALE00291,2025-10-15,Completed,PROD0043,CUST0113,STORE014,EMP0158,2,871.12
SALE00292,2025-09-28,Completed,PROD0038,CUST0177,STORE015,EMP0118,5,5804.41
SALE00293,2025-12-04,Completed,PROD0050,CUST0126,STORE006,EMP0085,4,4341.07
SALE00294,2026-01-13,Pending,PROD0034,CUST0188,STORE009,EMP0077,2,1096.69
SALE00295,2026-03-23,Completed,PROD0017,CUST0107,STORE007,EMP0091,3,1073.66
SALE00296,2025-10-25,Completed,PROD0032,CUST0042,STORE017,EMP0028,2,270.88
SALE00297,2025-10-30,Completed,PROD0006,CUST0037,STORE002,EMP0002,2,2454.29
SALE00298,2026-03-17,Completed,PROD0016,CUST0130,STORE015,EMP0090,5,1111.44
SALE00299,2026-03-23,Completed,PROD0039,CUST0033,STORE001,EMP0185,1,681.4
SALE00300,2025-11-05,Completed,PROD0008,CUST0125,STORE003,EMP0048,3,496.44
SALE00301,2025-11-03,Completed,PROD0050,CUST0183,STORE015,EMP0103,3,3139.02
SALE00302,2025-10-19,Completed,PROD0021,CUST0118,STORE013,EMP0091,1,211.37
SALE00303,2026-02-23,Completed,PROD0022,CUST0034,STORE011,EMP0003,3,2739.46
SALE00304,2026-01-04,Completed,PROD0038,CUST0181,STORE013,EMP0026,3,3222.57
SALE00305,2025-10-04,Completed,PROD0048,CUST0132,STORE007,EMP0111,5,5744.25
SALE00306,2026-02-22,Pending,PROD0025,CUST0136,STORE013,EMP0126,1,536.97
SALE00307,2026-03-04,Completed,PROD0048,CUST0031,STORE002,EMP0051,4,4900.78
SALE00308,2025-10-19,Completed,PROD0048,CUST0178,STORE001,EMP0022,4,4757.76
SALE00309,2026-03-24,Completed,PROD0016,CUST0055,STORE009,EMP0136,4,873.9
SALE00310,2025-10-20,Pending,PROD0028,CUST0117,STORE004,EMP0132,4,4244.3
SALE00311,2026-02-08,Completed,PROD0014,CUST0122,STORE005,EMP0040,3,368.42
SALE00312,2025-09-29,Completed,PROD0010,CUST0009,STORE011,EMP0106,3,816.92
SALE00313,2026-03-18,Completed,PROD0007,CUST0192,STORE015,EMP0032,5,3266.08
SALE00314,2025-12-04,Completed,PROD0012,CUST0041,STORE016,EMP0125,4,4290.82
SALE00315,2026-03-17,Pending,PROD0014,CUST0144,STORE015,EMP0002,5,650.33
SALE00316,2025-11-09,Completed,PROD0018,CUST0095,STORE003,EMP0040,3,2307.5
SALE00317,2025-11-03,Completed,PROD0029,CUST0031,STORE003,EMP0197,1,25.94
SALE00318,2026-01-20,Cancelled,PROD0027,CUST0155,STORE018,EMP0169,2,732.85
SALE00319,2026-03-03,Completed,PROD0017,CUST0105,STORE008,EMP0065,4,1294.97
SALE00320,2026-03-23,Completed,PROD0038,CUST0029,STORE015,EMP0058,4,4618.06
SALE00321,2026-01-07,Completed,PROD0004,CUST0031,STORE005,EMP0121,3,3498.46
SALE00322,2025-10-11,Cancelled,PROD0032,CUST0095,STORE016,EMP0102,2,301.39
SALE00323,2026-01-01,Completed,PROD0035,CUST0147,STORE009,EMP0096,5,1357.78
SALE00324,2026-03-06,Completed,PROD0024,CUST0075,STORE006,EMP0077,5,3578.85
SALE00325,2025-10-27,Pending,PROD0045,CUST0011,STORE006,EMP0094,2,1333.1
SALE00326,2025-10-12,Completed,PROD0008,CUST0134,STORE001,EMP0110,5,805.44
SALE00327,2026-03-20,Pending,PROD0021,CUST0040,STORE020,EMP0047,4,852.72
SALE00328,2026-02-16,Pending,PROD0035,CUST0031,STORE004,EMP0138,4,1088.82
SALE00329,2026-01-21,Completed,PROD0028,CUST0096,STORE006,EMP0069,3,3404.2
SALE00330,2026-02-23,Completed,PROD0031,CUST0079,STORE010,EMP0028,4,4418.62
SALE00331,2026-03-09,Completed,PROD0044,CUST0096,STORE004,EMP0113,3,927.95
SALE00332,2025-10-17,Cancelled,PROD0016,CUST0078,STORE018,EMP0169,5,1207.59
SALE00333,2025-10-12,Completed,PROD0018,CUST0076,STORE013,EMP0113,1,875.05
SALE00334,2026-03-11,Completed,PROD0010,CUST0125,STORE006,EMP0042,1,277.07
SALE00335,2025-10-13,Completed,PROD0024,CUST0008,STORE003,EMP0036,1,625.04
SALE00336,2026-02-07,Completed,PROD0031,CUST0037,STORE001,EMP0091,1,1131.27
SALE00337,2025-10-27,Completed,PROD0046,CUST0037,STORE009,EMP0192,1,620.73
SALE00338,2025-10-10,Completed,PROD0024,CUST0151,STORE005,EMP0112,5,3480.85
SALE00339,2025-10-24,Pending,PROD0020,CUST0108,STORE015,EMP0002,4,3842.73
SALE00340,2026-03-23,Completed,PROD0002,CUST0013,STORE012,EMP0092,1,926.72
SALE00341,2026-01-03,Completed,PROD0042,CUST0079,STORE006,EMP0182,4,2428.37
SALE00342,2025-09-29,Completed,PROD0039,CUST0073,STORE007,EMP0051,5,3471.75
SALE00343,2025-11-14,Completed,PROD0003,CUST0056,STORE002,EMP0029,5,5148.02
SALE00344,2026-01-31,Cancelled,PROD0048,CUST0047,STORE018,EMP0049,1,1271.44
SALE00345,2026-02-22,Completed,PROD0043,CUST0190,STORE007,EMP0073,4,1875.65
SALE00346,2025-11-21,Completed,PROD0004,CUST0126,STORE015,EMP0011,5,5430.68
SALE00347,2026-03-23,Pending,PROD0045,CUST0001,STORE002,EMP0035,5,2978.89
SALE00348,2026-01-06,Completed,PROD0043,CUST0032,STORE017,EMP0102,1,425.88
SALE00349,2025-12-15,Completed,PROD0016,CUST0141,STORE004,EMP0108,3,717.31
SALE00350,2026-02-11,Cancelled,PROD0017,CUST0090,STORE013,EMP0191,4,1415.13
SALE00351,2026-01-31,Pending,PROD0036,CUST0018,STORE010,EMP0085,2,1383.87
SALE00352,2026-03-07,Cancelled,PROD0025,CUST0012,STORE015,EMP0009,2,1252.21
SALE00353,2026-02-23,Completed,PROD0020,CUST0107,STORE002,EMP0042,4,4046.34
SALE00354,2025-11-30,Completed,PROD0041,CUST0124,STORE020,EMP0171,5,2334.13
SALE00355,2026-02-10,Completed,PROD0045,CUST0147,STORE001,EMP0051,4,2284.69
SALE00356,2026-03-18,Completed,PROD0024,CUST0080,STORE002,EMP0123,1,654.32
SALE00357,2025-11-28,Completed,PROD0044,CUST0145,STORE013,EMP0171,2,631.06
SALE00358,2026-02-27,Completed,PROD0008,CUST0116,STORE007,EMP0069,4,739.4
SALE00359,2026-03-06,Completed,PROD0035,CUST0087,STORE008,EMP0031,1,297.87
SALE00360,2026-01-04,Completed,PROD0016,CUST0097,STORE012,EMP0108,3,650.15
SALE00361,2026-02-24,Cancelled,PROD0029,CUST0122,STORE008,EMP0126,4,122.31
SALE00362,2026-02-23,Pending,PROD0025,CUST0185,STORE007,EMP0141,4,2480.47
SALE00363,2025-10-07,Completed,PROD0001,CUST0156,STORE003,EMP0127,4,1477.7
SALE00364,2026-02-26,Completed,PROD0026,CUST0034,STORE001,EMP0175,1,1003.92
SALE00365,2026-02-20,Completed,PROD0017,CUST0196,STORE014,EMP0183,3,998.88
SALE00366,2025-11-07,Completed,PROD0020,CUST0036,STORE001,EMP0033,2,1940.83
SALE00367,2025-10-22,Completed,PROD0006,CUST0130,STORE001,EMP0084,5,6069.62
SALE00368,2025-10-12,Completed,PROD0049,CUST0163,STORE011,EMP0193,3,1804.32
SALE00369,2025-10-23,Completed,PROD0016,CUST0118,STORE007,EMP0196,3,644.1
SALE00370,2026-03-01,Cancelled,PROD0020,CUST0195,STORE003,EMP0200,3,2982.01
SALE00371,2025-11-19,Completed,PROD0014,CUST0116,STORE008,EMP0103,3,355.79
SALE00372,2026-01-05,Completed,PROD0011,CUST0171,STORE004,EMP0129,4,3283.09
SALE00373,2026-02-19,Completed,PROD0029,CUST0115,STORE006,EMP0186,2,61.62
SALE00374,2026-01-26,Completed,PROD0041,CUST0039,STORE006,EMP0190,1,418.66
SALE00375,2026-01-19,Completed,PROD0021,CUST0187,STORE002,EMP0100,4,998.58
SALE00376,2026-03-14,Cancelled,PROD0050,CUST0084,STORE014,EMP0034,1,962.91
SALE00377,2026-01-10,Pending,PROD0042,CUST0023,STORE017,EMP0029,1,656.42
SALE00378,2025-10-27,Completed,PROD0027,CUST0160,STORE004,EMP0028,1,390.01
SALE00379,2025-09-26,Completed,PROD0003,CUST0171,STORE011,EMP0006,2,2117.99
SALE00380,2026-02-02,Pending,PROD0018,CUST0160,STORE011,EMP0033,3,2220.59
SALE00381,2025-12-23,Completed,PROD0006,CUST0105,STORE018,EMP0040,5,6220.25
SALE00382,2025-11-06,Pending,PROD0050,CUST0100,STORE007,EMP0089,5,4929.26
SALE00383,2026-02-02,Completed,PROD0032,CUST0060,STORE020,EMP0129,3,405.64
SALE00384,2025-12-29,Completed,PROD0031,CUST0102,STORE007,EMP0004,3,3383.25
SALE00385,2026-03-08,Completed,PROD0048,CUST0087,STORE018,EMP0197,2,2329.17
SALE00386,2026-03-17,Completed,PROD0027,CUST0139,STORE013,EMP0176,5,1919.21
SALE00387,2026-01-14,Completed,PROD0022,CUST0012,STORE014,EMP0061,4,3577.21
SALE00388,2026-02-11,Completed,PROD0046,CUST0172,STORE004,EMP0014,2,1242.01
SALE00389,2026-02-09,Pending,PROD0028,CUST0114,STORE008,EMP0174,5,5781.58
SALE00390,2026-01-05,Completed,PROD0007,CUST0189,STORE007,EMP0088,4,2779.06
SALE00391,2025-12-30,Completed,PROD0011,CUST0072,STORE004,EMP0110,2,1413.01
SALE00392,2026-01-25,Completed,PROD0045,CUST0166,STORE012,EMP0153,5,3264.37
SALE00393,2026-03-21,Completed,PROD0017,CUST0023,STORE011,EMP0189,4,1433.12
SALE00394,2025-09-28,Completed,PROD0033,CUST0043,STORE006,EMP0003,1,1297.86
SALE00395,2026-03-22,Completed,PROD0005,CUST0182,STORE001,EMP0112,5,3569.05
SALE00396,2025-11-24,Cancelled,PROD0023,CUST0007,STORE013,EMP0123,4,3373.44
SALE00397,2025-12-30,Completed,PROD0027,CUST0147,STORE011,EMP0075,2,865.78
SALE00398,2026-02-13,Completed,PROD0039,CUST0162,STORE001,EMP0073,4,2541.17
SALE00399,2025-12-05,Completed,PROD0047,CUST0198,STORE013,EMP0125,2,267.58
SALE00400,2026-02-22,Completed,PROD0036,CUST0182,STORE007,EMP0022,4,2751.59
SALE00401,2026-03-10,Completed,PROD0048,CUST0080,STORE015,EMP0195,3,3199.3
SALE00402,2026-02-25,Pending,PROD0021,CUST0144,STORE008,EMP0110,5,1222.36
SALE00403,2025-10-19,Completed,PROD0030,CUST0166,STORE003,EMP0064,2,2305.14
SALE00404,2026-02-02,Completed,PROD0045,CUST0032,STORE009,EMP0159,4,2662.48
SALE00405,2025-11-16,Completed,PROD0002,CUST0165,STORE020,EMP0040,2,1800.36
SALE00406,2026-02-26,Completed,PROD0049,CUST0144,STORE012,EMP0187,1,617.43
SALE00407,2026-01-28,Completed,PROD0004,CUST0022,STORE002,EMP0131,2,2307.99
SALE00408,2026-03-20,Completed,PROD0042,CUST0050,STORE003,EMP0048,5,3423.48
SALE00409,2026-02-27,Pending,PROD0042,CUST0159,STORE007,EMP0064,1,651.92
SALE00410,2026-02-27,Completed,PROD0012,CUST0139,STORE014,EMP0072,5,6038.34
SALE00411,2025-10-28,Completed,PROD0041,CUST0148,STORE010,EMP0197,4,2012.14
SALE00412,2025-11-21,Completed,PROD0029,CUST0194,STORE020,EMP0030,3,81.15
SALE00413,2026-01-18,Pending,PROD0042,CUST0014,STORE016,EMP0068,5,3541.84
SALE00414,2026-01-02,Completed,PROD0009,CUST0146,STORE004,EMP0180,2,602.16
SALE00415,2026-03-25,Completed,PROD0001,CUST0134,STORE018,EMP0064,3,1086.83
SALE00416,2026-01-31,Cancelled,PROD0026,CUST0049,STORE019,EMP0171,2,2180.95
SALE00417,2025-10-08,Completed,PROD0013,CUST0193,STORE006,EMP0110,1,1072.87
SALE00418,2026-03-07,Completed,PROD0041,CUST0122,STORE009,EMP0051,1,440.78
SALE00419,2025-10-17,Completed,PROD0020,CUST0129,STORE004,EMP0122,1,1146.24
SALE00420,2026-03-01,Completed,PROD0021,CUST0005,STORE020,EMP0181,4,929.53
SALE00421,2026-03-15,Pending,PROD0037,CUST0031,STORE011,EMP0027,1,278.33
SALE00422,2025-10-23,Completed,PROD0006,CUST0169,STORE013,EMP0180,5,5504.26
SALE00423,2025-10-28,Completed,PROD0008,CUST0137,STORE005,EMP0187,2,366.79
SALE00424,2025-11-06,Completed,PROD0011,CUST0047,STORE011,EMP0129,1,745.39
SALE00425,2025-10-26,Completed,PROD0016,CUST0005,STORE006,EMP0157,5,1226.57
SALE00426,2025-12-06,Completed,PROD0034,CUST0071,STORE011,EMP0047,5,2768.77
SALE00427,2025-10-04,Completed,PROD0046,CUST0053,STORE016,EMP0049,1,661.79
SALE00428,2025-11-11,Completed,PROD0050,CUST0063,STORE003,EMP0152,5,5320.26
SALE00429,2026-01-14,Completed,PROD0042,CUST0181,STORE011,EMP0162,4,2474.8
SALE00430,2025-12-30,Completed,PROD0049,CUST0149,STORE001,EMP0163,1,576.77
SALE00431,2025-12-14,Completed,PROD0009,CUST0114,STORE020,EMP0039,2,542.82
SALE00432,2026-03-18,Completed,PROD0039,CUST0022,STORE019,EMP0059,4,2547.44
SALE00433,2026-01-12,Completed,PROD0044,CUST0137,STORE015,EMP0031,3,919.2
SALE00434,2026-03-17,Pending,PROD0027,CUST0156,STORE013,EMP0034,2,771.92
SALE00435,2025-11-04,Completed,PROD0021,CUST0083,STORE017,EMP0103,2,482.14
SALE00436,2026-03-11,Completed,PROD0029,CUST0103,STORE008,EMP0010,2,59.57
SALE00437,2025-11-08,Completed,PROD0031,CUST0151,STORE017,EMP0071,3,3126.7
SALE00438,2025-10-19,Completed,PROD0048,CUST0012,STORE019,EMP0050,2,2264.57
SALE00439,2025-11-02,Cancelled,PROD0009,CUST0126,STORE001,EMP0038,5,1543.07
SALE00440,2026-02-26,Cancelled,PROD0017,CUST0006,STORE008,EMP0110,2,703.22
SALE00441,2026-03-02,Completed,PROD0012,CUST0088,STORE001,EMP0005,4,4737.75
SALE00442,2026-03-17,Pending,PROD0044,CUST0112,STORE020,EMP0158,3,952.95
SALE00443,2025-09-26,Cancelled,PROD0038,CUST0047,STORE004,EMP0052,1,992.9
SALE00444,2025-11-28,Completed,PROD0021,CUST0107,STORE010,EMP0024,3,632.8
SALE00445,2026-03-22,Completed,PROD0019,CUST0007,STORE008,EMP0014,1,660.12
SALE00446,2026-02-24,Completed,PROD0013,CUST0136,STORE014,EMP0098,2,1978.65
SALE00447,2025-10-15,Completed,PROD0006,CUST0082,STORE008,EMP0105,1,1193.67
SALE00448,2026-03-01,Completed,PROD0027,CUST0098,STORE020,EMP0135,5,2054.15
SALE00449,2026-01-05,Completed,PROD0024,CUST0066,STORE003,EMP0079,1,662.69
SALE00450,2025-12-11,Completed,PROD0012,CUST0024,STORE002,EMP0180,1,1125.07
SALE00451,2026-03-21,Pending,PROD0026,CUST0030,STORE005,EMP0163,4,3827.29
SALE00452,2026-02-24,Cancelled,PROD0025,CUST0026,STORE012,EMP0060,5,3132.88
SALE00453,2025-11-15,Completed,PROD0037,CUST0139,STORE016,EMP0057,1,255.98
SALE00454,2026-03-02,Completed,PROD0015,CUST0044,STORE010,EMP0087,1,951.34
SALE00455,2026-03-05,Cancelled,PROD0002,CUST0074,STORE007,EMP0110,2,1683.74
SALE00456,2026-03-09,Completed,PROD0002,CUST0037,STORE005,EMP0123,3,2432.35
SALE00457,2025-12-21,Completed,PROD0036,CUST0047,STORE013,EMP0016,3,2313.18
SALE00458,2026-03-14,Completed,PROD0042,CUST0066,STORE007,EMP0131,2,1228.04
SALE00459,2025-11-13,Completed,PROD0040,CUST0197,STORE002,EMP0110,1,931.91
SALE00460,2025-10-26,Completed,PROD0041,CUST0023,STORE008,EMP0165,1,437.75
SALE00461,2025-10-16,Pending,PROD0015,CUST0040,STORE020,EMP0014,4,3261.9
SALE00462,2025-10-15,Completed,PROD0006,CUST0079,STORE015,EMP0078,3,3743.76
SALE00463,2026-01-09,Completed,PROD0030,CUST0105,STORE011,EMP0029,2,2320.64
SALE00464,2026-01-16,Completed,PROD0013,CUST0174,STORE005,EMP0069,4,3854.63
SALE00465,2026-01-13,Completed,PROD0017,CUST0044,STORE009,EMP0094,1,339.66
SALE00466,2025-10-13,Completed,PROD0045,CUST0016,STORE011,EMP0072,4,2324.33
SALE00467,2026-01-13,Completed,PROD0011,CUST0158,STORE002,EMP0090,1,780.63
SALE00468,2025-11-15,Completed,PROD0004,CUST0084,STORE017,EMP0183,4,4341.7
SALE00469,2025-10-24,Completed,PROD0026,CUST0047,STORE014,EMP0108,1,1006.5
SALE00470,2026-01-02,Completed,PROD0040,CUST0007,STORE010,EMP0064,4,3771.3
SALE00471,2026-03-16,Completed,PROD0028,CUST0183,STORE001,EMP0082,1,1086.34
SALE00472,2026-02-06,Completed,PROD0039,CUST0015,STORE008,EMP0013,2,1454.45
SALE00473,2026-03-25,Completed,PROD0017,CUST0077,STORE011,EMP0047,4,1447.55
SALE00474,2026-02-27,Completed,PROD0010,CUST0100,STORE011,EMP0011,4,1103.69
SALE00475,2025-12-07,Pending,PROD0006,CUST0026,STORE008,EMP0001,3,3147.74
SALE00476,2026-01-23,Completed,PROD0024,CUST0082,STORE007,EMP0014,4,2886.39
SALE00477,2026-01-09,Completed,PROD0011,CUST0037,STORE018,EMP0170,2,1668.12
SALE00478,2025-10-24,Completed,PROD0037,CUST0106,STORE002,EMP0191,2,510.84
SALE00479,2026-03-01,Completed,PROD0008,CUST0083,STORE008,EMP0083,3,462.39
SALE00480,2026-02-04,Completed,PROD0001,CUST0067,STORE008,EMP0055,1,348.36
SALE00481,2026-01-03,Completed,PROD0046,CUST0097,STORE020,EMP0074,2,1109.44
SALE00482,2026-03-14,Pending,PROD0034,CUST0031,STORE013,EMP0121,5,2903.62
SALE00483,2026-02-25,Completed,PROD0028,CUST0014,STORE017,EMP0072,5,5299.85
SALE00484,2026-01-28,Completed,PROD0050,CUST0052,STORE011,EMP0156,1,923.99
SALE00485,2026-03-03,Completed,PROD0030,CUST0062,STORE006,EMP0026,1,1058.62
SALE00486,2025-11-05,Completed,PROD0044,CUST0193,STORE015,EMP0111,3,977.34
SALE00487,2025-11-26,Completed,PROD0032,CUST0153,STORE001,EMP0048,3,478.38
SALE00488,2026-03-12,Completed,PROD0008,CUST0151,STORE003,EMP0065,4,702.84
SALE00489,2025-10-19,Completed,PROD0015,CUST0061,STORE016,EMP0126,5,3987.44
SALE00490,2025-10-07,Completed,PROD0046,CUST0127,STORE003,EMP0094,5,2964.56
SALE00491,2025-09-28,Completed,PROD0014,CUST0131,STORE007,EMP0086,5,574.11
SALE00492,2026-03-05,Completed,PROD0013,CUST0193,STORE002,EMP0078,1,921.31
SALE00493,2025-11-20,Completed,PROD0018,CUST0130,STORE005,EMP0029,2,1658.07
SALE00494,2025-12-30,Completed,PROD0019,CUST0099,STORE007,EMP0025,5,3535.76
SALE00495,2026-03-21,Completed,PROD0048,CUST0030,STORE005,EMP0172,3,3869.04
SALE00496,2026-03-05,Completed,PROD0032,CUST0069,STORE003,EMP0004,1,161.5
SALE00497,2026-01-25,Completed,PROD0025,CUST0016,STORE006,EMP0175,2,1131.87
SALE00498,2026-03-06,Completed,PROD0009,CUST0082,STORE019,EMP0142,5,1627.3
SALE00499,2026-02-02,Completed,PROD0028,CUST0119,STORE018,EMP0198,1,1101.53
SALE00500,2026-03-24,Completed,PROD0014,CUST0142,STORE007,EMP0034,5,543.87
SALE00501,2025-12-22,Completed,PROD0039,CUST0105,STORE008,EMP0085,1,649.4
SALE00502,2026-03-22,Pending,PROD0014,CUST0017,STORE017,EMP0093,5,575.05
SALE00503,2026-03-21,Completed,PROD0019,CUST0124,STORE003,EMP0190,5,3382.83
SALE00504,2025-12-23,Completed,PROD0047,CUST0008,STORE014,EMP0093,2,259.33
SALE00505,2026-03-21,Completed,PROD0044,CUST0105,STORE015,EMP0191,2,591.92
SALE00506,2026-03-19,Pending,PROD0013,CUST0163,STORE010,EMP0200,3,2878.03
SALE00507,2026-02-03,Cancelled,PROD0027,CUST0060,STORE006,EMP0151,1,391.05
SALE00508,2025-10-22,Cancelled,PROD0012,CUST0005,STORE007,EMP0136,2,2310.48
SALE00509,2025-10-26,Completed,PROD0027,CUST0069,STORE008,EMP0155,1,425.9
SALE00510,2025-12-20,Completed,PROD0010,CUST0142,STORE014,EMP0096,3,798.77
SALE00511,2025-12-31,Completed,PROD0002,CUST0151,STORE006,EMP0061,2,1776.58
SALE00512,2025-12-06,Completed,PROD0019,CUST0173,STORE020,EMP0167,2,1582.98
SALE00513,2026-03-01,Completed,PROD0017,CUST0026,STORE008,EMP0071,1,321.49
SALE00514,2026-01-19,Pending,PROD0016,CUST0064,STORE010,EMP0054,2,481.17
SALE00515,2026-02-10,Completed,PROD0040,CUST0196,STORE010,EMP0150,3,2886.49
SALE00516,2025-11-22,Completed,PROD0029,CUST0143,STORE019,EMP0099,3,78.82
SALE00517,2025-12-23,Completed,PROD0016,CUST0167,STORE015,EMP0023,4,996.4
SALE00518,2026-03-01,Completed,PROD0024,CUST0033,STORE007,EMP0028,2,1390.35
SALE00519,2025-11-05,Completed,PROD0038,CUST0078,STORE009,EMP0034,1,1199.05
SALE00520,2025-10-29,Pending,PROD0044,CUST0146,STORE016,EMP0162,3,1052.18
SALE00521,2026-03-24,Completed,PROD0042,CUST0105,STORE003,EMP0191,5,3542.77
SALE00522,2026-03-02,Completed,PROD0030,CUST0115,STORE012,EMP0155,3,3419.82
SALE00523,2025-10-19,Completed,PROD0006,CUST0022,STORE013,EMP0031,4,5109.32
SALE00524,2025-11-28,Cancelled,PROD0001,CUST0163,STORE013,EMP0011,4,1509.87
SALE00525,2026-01-10,Cancelled,PROD0031,CUST0129,STORE006,EMP0151,4,4835.63
SALE00526,2025-11-13,Cancelled,PROD0009,CUST0053,STORE016,EMP0168,5,1506.65
SALE00527,2026-03-02,Pending,PROD0021,CUST0037,STORE015,EMP0049,4,864.76
SALE00528,2026-02-24,Completed,PROD0045,CUST0096,STORE014,EMP0050,2,1334.4
SALE00529,2026-02-15,Completed,PROD0026,CUST0139,STORE017,EMP0181,3,3320.93
SALE00530,2026-03-05,Cancelled,PROD0044,CUST0044,STORE020,EMP0115,2,656.28
SALE00531,2026-03-14,Completed,PROD0014,CUST0063,STORE014,EMP0026,2,247.7
SALE00532,2025-09-30,Completed,PROD0046,CUST0138,STORE005,EMP0020,3,1812.62
SALE00533,2026-03-22,Completed,PROD0025,CUST0109,STORE016,EMP0140,4,2236.91
SALE00534,2026-03-12,Completed,PROD0046,CUST0143,STORE001,EMP0159,1,565.06
SALE00535,2026-02-12,Pending,PROD0028,CUST0116,STORE013,EMP0088,5,5830.69
SALE00536,2025-10-11,Completed,PROD0048,CUST0011,STORE014,EMP0078,5,6373.0
SALE00537,2026-02-28,Completed,PROD0039,CUST0001,STORE003,EMP0186,3,1932.35
SALE00538,2026-03-24,Completed,PROD0017,CUST0119,STORE010,EMP0122,2,698.35
SALE00539,2026-01-09,Completed,PROD0005,CUST0159,STORE020,EMP0195,2,1488.21
SALE00540,2026-01-15,Pending,PROD0007,CUST0075,STORE018,EMP0052,4,2547.75
SALE00541,2026-03-01,Completed,PROD0036,CUST0168,STORE005,EMP0137,4,2808.93
SALE00542,2026-03-20,Completed,PROD0004,CUST0043,STORE018,EMP0185,4,4809.32
SALE00543,2026-01-10,Completed,PROD0004,CUST0001,STORE006,EMP0040,4,4563.84
SALE00544,2025-10-05,Completed,PROD0022,CUST0016,STORE009,EMP0012,5,4531.7
SALE00545,2026-03-14,Completed,PROD0016,CUST0124,STORE013,EMP0033,3,774.99
SALE00546,2025-09-26,Cancelled,PROD0031,CUST0070,STORE015,EMP0050,3,3402.2
SALE00547,2026-02-16,Completed,PROD0023,CUST0154,STORE010,EMP0108,5,3993.12
SALE00548,2026-03-18,Completed,PROD0039,CUST0065,STORE015,EMP0141,1,675.03
SALE00549,2026-01-18,Completed,PROD0043,CUST0175,STORE010,EMP0183,5,2002.29
SALE00550,2025-11-10,Completed,PROD0039,CUST0098,STORE013,EMP0065,4,2594.4
SALE00551,2025-10-29,Completed,PROD0046,CUST0090,STORE018,EMP0195,4,2399.41
SALE00552,2025-12-22,Completed,PROD0048,CUST0162,STORE020,EMP0144,2,2228.51
SALE00553,2025-11-09,Cancelled,PROD0003,CUST0055,STORE016,EMP0089,5,5121.74
SALE00554,2025-11-22,Completed,PROD0001,CUST0150,STORE003,EMP0094,3,1043.99
SALE00555,2025-10-23,Completed,PROD0017,CUST0131,STORE011,EMP0115,3,1053.21
SALE00556,2025-10-14,Completed,PROD0033,CUST0073,STORE005,EMP0162,1,1316.26
SALE00557,2026-03-03,Completed,PROD0040,CUST0012,STORE016,EMP0184,4,4049.15
SALE00558,2026-01-17,Pending,PROD0025,CUST0042,STORE007,EMP0031,2,1101.74
SALE00559,2026-03-14,Completed,PROD0020,CUST0190,STORE005,EMP0112,1,1135.52
SALE00560,2026-01-24,Completed,PROD0026,CUST0137,STORE007,EMP0018,5,5405.23
SALE00561,2026-02-27,Completed,PROD0043,CUST0145,STORE001,EMP0124,3,1356.11
SALE00562,2025-12-29,Completed,PROD0024,CUST0018,STORE001,EMP0108,5,3446.4
SALE00563,2026-02-18,Completed,PROD0009,CUST0077,STORE017,EMP0135,4,1266.77
SALE00564,2026-01-25,Completed,PROD0036,CUST0023,STORE012,EMP0129,3,2118.4
SALE00565,2026-03-17,Completed,PROD0003,CUST0102,STORE016,EMP0006,5,4474.21
SALE00566,2026-01-24,Completed,PROD0038,CUST0179,STORE013,EMP0043,5,5394.44
SALE00567,2026-03-05,Pending,PROD0012,CUST0032,STORE014,EMP0154,3,3325.69
SALE00568,2026-01-07,Completed,PROD0017,CUST0036,STORE013,EMP0071,4,1225.21
SALE00569,2026-03-25,Completed,PROD0011,CUST0186,STORE012,EMP0179,1,778.68
SALE00570,2025-11-08,Completed,PROD0033,CUST0143,STORE013,EMP0034,1,1291.0
SALE00571,2025-11-24,Completed,PROD0032,CUST0072,STORE016,EMP0075,2,281.15
SALE00572,2026-02-18,Completed,PROD0022,CUST0111,STORE010,EMP0012,3,2573.26
SALE00573,2025-10-17,Completed,PROD0030,CUST0054,STORE019,EMP0145,4,4459.53
SALE00574,2025-11-30,Completed,PROD0009,CUST0157,STORE003,EMP0016,2,558.15
SALE00575,2026-01-22,Cancelled,PROD0006,CUST0130,STORE014,EMP0178,3,3428.29
SALE00576,2025-12-05,Completed,PROD0021,CUST0082,STORE002,EMP0049,2,492.66
SALE00577,2025-11-13,Cancelled,PROD0046,CUST0175,STORE004,EMP0190,1,627.2
SALE00578,2026-02-02,Completed,PROD0034,CUST0088,STORE013,EMP0102,2,1152.85
SALE00579,2026-03-09,Completed,PROD0028,CUST0163,STORE019,EMP0127,3,3171.51
SALE00580,2025-12-19,Completed,PROD0010,CUST0067,STORE006,EMP0176,3,811.77
SALE00581,2025-12-08,Completed,PROD0017,CUST0193,STORE007,EMP0137,2,702.94
SALE00582,2026-03-24,Completed,PROD0008,CUST0182,STORE014,EMP0132,3,460.27
SALE00583,2026-03-10,Completed,PROD0021,CUST0116,STORE009,EMP0020,1,218.33
SALE00584,2026-03-24,Completed,PROD0003,CUST0070,STORE012,EMP0043,1,886.13
SALE00585,2025-12-31,Completed,PROD0009,CUST0063,STORE017,EMP0113,3,899.67
SALE00586,2026-01-22,Completed,PROD0032,CUST0170,STORE016,EMP0193,1,150.49
SALE00587,2026-01-09,Pending,PROD0018,CUST0083,STORE012,EMP0131,3,2380.52
SALE00588,2026-02-19,Completed,PROD0048,CUST0088,STORE002,EMP0099,2,2318.96
SALE00589,2026-01-15,Completed,PROD0024,CUST0054,STORE013,EMP0144,4,2498.94
SALE00590,2025-12-23,Completed,PROD0028,CUST0118,STORE014,EMP0200,5,5970.49
SALE00591,2025-11-28,Completed,PROD0019,CUST0154,STORE008,EMP0100,3,2069.58
SALE00592,2025-12-14,Completed,PROD0017,CUST0085,STORE008,EMP0103,2,631.71
SALE00593,2026-01-13,Pending,PROD0040,CUST0005,STORE016,EMP0156,5,4512.06
SALE00594,2026-03-08,Pending,PROD0049,CUST0178,STORE002,EMP0070,1,605.62
SALE00595,2025-11-01,Completed,PROD0017,CUST0035,STORE012,EMP0053,4,1274.82
SALE00596,2025-12-17,Pending,PROD0034,CUST0166,STORE001,EMP0048,3,1777.6
SALE00597,2025-11-20,Pending,PROD0021,CUST0001,STORE005,EMP0001,5,1077.8
SALE00598,2026-01-07,Completed,PROD0028,CUST0156,STORE009,EMP0041,2,2399.8
SALE00599,2026-03-16,Pending,PROD0011,CUST0122,STORE020,EMP0147,5,3565.61
SALE00600,2026-03-19,Completed,PROD0021,CUST0002,STORE015,EMP0056,2,507.18
SALE00601,2025-12-12,Completed,PROD0048,CUST0003,STORE005,EMP0152,1,1283.75
SALE00602,2026-03-18,Completed,PROD0032,CUST0173,STORE009,EMP0179,5,809.49
SALE00603,2026-02-10,Completed,PROD0049,CUST0045,STORE008,EMP0003,3,1750.71
SALE00604,2026-03-04,Completed,PROD0010,CUST0106,STORE020,EMP0132,5,1320.5
SALE00605,2026-03-05,Completed,PROD0036,CUST0143,STORE019,EMP0117,1,719.86
SALE00606,2025-10-14,Pending,PROD0043,CUST0179,STORE006,EMP0129,5,2300.33
SALE00607,2025-11-01,Completed,PROD0041,CUST0181,STORE001,EMP0182,4,1926.08
SALE00608,2025-10-04,Completed,PROD0029,CUST0126,STORE004,EMP0185,4,118.28
SALE00609,2026-01-10,Pending,PROD0004,CUST0196,STORE003,EMP0135,3,3443.07
SALE00610,2026-01-11,Pending,PROD0013,CUST0101,STORE013,EMP0067,3,3108.98
SALE00611,2026-02-16,Completed,PROD0010,CUST0138,STORE013,EMP0078,2,536.2
SALE00612,2026-03-20,Completed,PROD0004,CUST0021,STORE019,EMP0057,2,2201.2
SALE00613,2026-01-21,Completed,PROD0015,CUST0167,STORE003,EMP0076,1,811.6
SALE00614,2026-02-12,Completed,PROD0012,CUST0167,STORE017,EMP0182,4,3993.72
SALE00615,2026-01-15,Cancelled,PROD0003,CUST0020,STORE007,EMP0069,4,3947.6
SALE00616,2026-01-31,Pending,PROD0031,CUST0138,STORE014,EMP0142,1,1195.04
SALE00617,2025-10-15,Completed,PROD0017,CUST0008,STORE006,EMP0031,3,979.22
SALE00618,2025-11-13,Pending,PROD0011,CUST0172,STORE014,EMP0044,4,3006.33
SALE00619,2025-11-02,Completed,PROD0046,CUST0114,STORE009,EMP0058,1,562.85
SALE00620,2025-10-30,Completed,PROD0030,CUST0173,STORE010,EMP0012,1,1175.3
SALE00621,2025-11-13,Completed,PROD0028,CUST0032,STORE017,EMP0137,4,4392.56
SALE00622,2025-10-13,Cancelled,PROD0008,CUST0091,STORE018,EMP0061,2,357.66
SALE00623,2026-01-29,Completed,PROD0032,CUST0097,STORE013,EMP0075,5,707.99
SALE00624,2025-11-22,Completed,PROD0003,CUST0154,STORE019,EMP0011,3,2902.71
SALE00625,2026-01-25,Completed,PROD0029,CUST0092,STORE010,EMP0164,5,128.49
SALE00626,2026-01-28,Completed,PROD0023,CUST0100,STORE014,EMP0038,4,3500.01
SALE00627,2026-03-24,Completed,PROD0046,CUST0046,STORE003,EMP0072,2,1209.58
SALE00628,2025-10-09,Completed,PROD0036,CUST0197,STORE004,EMP0035,5,3652.2
SALE00629,2026-03-21,Cancelled,PROD0032,CUST0179,STORE019,EMP0070,1,162.42
SALE00630,2025-11-16,Completed,PROD0030,CUST0003,STORE012,EMP0014,3,3230.68
SALE00631,2026-03-18,Completed,PROD0032,CUST0032,STORE005,EMP0165,1,146.14
SALE00632,2026-03-15,Completed,PROD0008,CUST0119,STORE009,EMP0064,5,891.48
SALE00633,2026-02-27,Cancelled,PROD0047,CUST0095,STORE007,EMP0054,1,138.89
SALE00634,2025-11-19,Completed,PROD0010,CUST0050,STORE013,EMP0137,4,915.54
SALE00635,2025-10-20,Completed,PROD0008,CUST0114,STORE010,EMP0030,3,553.99
SALE00636,2025-12-25,Completed,PROD0023,CUST0003,STORE001,EMP0001,2,1877.2
SALE00637,2026-02-16,Completed,PROD0006,CUST0057,STORE006,EMP0167,4,4861.34
SALE00638,2026-03-14,Completed,PROD0014,CUST0191,STORE016,EMP0089,1,118.36
SALE00639,2026-03-17,Completed,PROD0019,CUST0006,STORE001,EMP0162,5,3476.09
SALE00640,2026-01-16,Pending,PROD0012,CUST0195,STORE004,EMP0155,5,5957.62
SALE00641,2026-03-17,Pending,PROD0011,CUST0072,STORE003,EMP0095,1,750.64
SALE00642,2025-12-13,Completed,PROD0048,CUST0175,STORE014,EMP0084,3,3425.43
SALE00643,2026-01-17,Completed,PROD0033,CUST0182,STORE017,EMP0022,1,1119.27
SALE00644,2025-12-15,Completed,PROD0018,CUST0092,STORE014,EMP0181,1,777.23
SALE00645,2025-10-24,Completed,PROD0037,CUST0050,STORE010,EMP0141,4,1010.77
SALE00646,2026-02-27,Pending,PROD0043,CUST0024,STORE014,EMP0068,1,413.34
SALE00647,2025-09-26,Completed,PROD0038,CUST0158,STORE006,EMP0185,4,4105.27
SALE00648,2025-12-26,Completed,PROD0014,CUST0161,STORE006,EMP0035,3,391.72
SALE00649,2026-03-05,Completed,PROD0038,CUST0078,STORE012,EMP0105,3,3138.37
SALE00650,2026-01-07,Completed,PROD0001,CUST0184,STORE006,EMP0157,3,1127.07
SALE00651,2025-11-06,Completed,PROD0034,CUST0057,STORE005,EMP0076,3,1602.71
SALE00652,2026-03-24,Completed,PROD0050,CUST0060,STORE007,EMP0084,4,3820.47
SALE00653,2025-11-12,Pending,PROD0037,CUST0127,STORE016,EMP0015,1,242.15
SALE00654,2026-01-01,Completed,PROD0012,CUST0093,STORE006,EMP0161,5,5089.81
SALE00655,2025-12-25,Pending,PROD0027,CUST0010,STORE017,EMP0003,3,1231.4
SALE00656,2025-11-25,Completed,PROD0005,CUST0072,STORE004,EMP0092,4,2721.69
SALE00657,2025-10-08,Completed,PROD0016,CUST0127,STORE015,EMP0057,5,1104.98
SALE00658,2025-10-04,Completed,PROD0050,CUST0181,STORE019,EMP0188,1,1029.14
SALE00659,2025-11-06,Pending,PROD0032,CUST0181,STORE007,EMP0072,4,543.35
SALE00660,2026-03-09,Completed,PROD0044,CUST0156,STORE006,EMP0046,3,1039.08
SALE00661,2026-03-08,Completed,PROD0007,CUST0054,STORE007,EMP0066,4,2713.1
SALE00662,2026-02-02,Cancelled,PROD0022,CUST0002,STORE002,EMP0005,4,3442.17
SALE00663,2026-02-08,Completed,PROD0002,CUST0051,STORE006,EMP0138,1,850.04
SALE00664,2026-03-04,Completed,PROD0019,CUST0164,STORE007,EMP0169,3,2323.16
SALE00665,2025-11-04,Completed,PROD0044,CUST0102,STORE009,EMP0200,5,1564.39
SALE00666,2025-10-09,Completed,PROD0044,CUST0029,STORE014,EMP0200,1,307.24
SALE00667,2026-02-17,Completed,PROD0008,CUST0072,STORE015,EMP0150,1,184.76
SALE00668,2026-03-16,Completed,PROD0026,CUST0146,STORE020,EMP0028,2,2058.63
SALE00669,2025-12-06,Cancelled,PROD0024,CUST0129,STORE004,EMP0185,1,667.58
SALE00670,2026-03-23,Pending,PROD0038,CUST0127,STORE006,EMP0191,1,1016.83
SALE00671,2026-01-06,Completed,PROD0007,CUST0044,STORE003,EMP0177,2,1333.91
SALE00672,2026-03-13,Completed,PROD0021,CUST0142,STORE010,EMP0098,1,253.46
SALE00673,2026-03-13,Cancelled,PROD0010,CUST0050,STORE003,EMP0168,3,788.6
SALE00674,2026-01-04,Completed,PROD0002,CUST0169,STORE013,EMP0066,4,3693.8
SALE00675,2025-12-07,Completed,PROD0006,CUST0190,STORE004,EMP0161,2,2146.74
SALE00676,2026-02-10,Completed,PROD0030,CUST0145,STORE009,EMP0163,2,2425.47
SALE00677,2026-01-12,Completed,PROD0046,CUST0173,STORE003,EMP0155,1,600.95
SALE00678,2026-01-18,Completed,PROD0043,CUST0175,STORE011,EMP0142,2,802.74
SALE00679,2025-10-18,Completed,PROD0031,CUST0155,STORE001,EMP0053,3,3212.95
SALE00680,2026-03-23,Cancelled,PROD0030,CUST0145,STORE019,EMP0114,5,5376.81
SALE00681,2026-03-12,Completed,PROD0041,CUST0045,STORE008,EMP0057,1,478.61
SALE00682,2025-12-25,Completed,PROD0018,CUST0017,STORE016,EMP0084,1,887.71
SALE00683,2026-02-15,Cancelled,PROD0039,CUST0151,STORE016,EMP0069,3,2122.42
SALE00684,2025-10-31,Completed,PROD0043,CUST0033,STORE004,EMP0053,1,458.9
SALE00685,2026-02-10,Completed,PROD0001,CUST0191,STORE001,EMP0149,1,347.46
SALE00686,2026-01-15,Completed,PROD0022,CUST0017,STORE002,EMP0162,1,838.41
SALE00687,2025-11-15,Cancelled,PROD0003,CUST0033,STORE009,EMP0193,3,2707.06
SALE00688,2026-03-14,Pending,PROD0042,CUST0067,STORE001,EMP0102,1,623.8
SALE00689,2025-10-29,Cancelled,PROD0040,CUST0146,STORE019,EMP0040,3,2772.53
SALE00690,2025-10-29,Cancelled,PROD0029,CUST0059,STORE002,EMP0115,3,88.74
SALE00691,2026-02-27,Completed,PROD0021,CUST0134,STORE004,EMP0060,5,1209.8
SALE00692,2026-03-04,Cancelled,PROD0047,CUST0187,STORE007,EMP0187,4,465.97
SALE00693,2026-01-05,Completed,PROD0047,CUST0071,STORE017,EMP0186,3,396.38
SALE00694,2025-12-14,Completed,PROD0037,CUST0050,STORE001,EMP0112,2,546.5
SALE00695,2026-03-24,Completed,PROD0009,CUST0174,STORE013,EMP0095,2,542.79
SALE00696,2026-03-06,Completed,PROD0014,CUST0006,STORE020,EMP0038,5,552.19
SALE00697,2025-11-18,Pending,PROD0004,CUST0178,STORE017,EMP0123,4,4574.41
SALE00698,2026-03-03,Cancelled,PROD0042,CUST0174,STORE009,EMP0024,1,647.79
SALE00699,2025-11-15,Pending,PROD0019,CUST0137,STORE016,EMP0127,2,1364.87
SALE00700,2026-02-21,Cancelled,PROD0021,CUST0158,STORE016,EMP0047,3,709.89
SALE00701,2026-01-06,Completed,PROD0004,CUST0065,STORE011,EMP0118,2,2345.44
SALE00702,2026-02-09,Pending,PROD0048,CUST0175,STORE020,EMP0048,5,6037.34
SALE00703,2026-01-05,Completed,PROD0005,CUST0144,STORE014,EMP0046,4,2961.04
SALE00704,2026-03-10,Cancelled,PROD0036,CUST0117,STORE011,EMP0049,4,2991.22
SALE00705,2025-12-06,Completed,PROD0039,CUST0001,STORE012,EMP0146,1,633.08
SALE00706,2025-09-30,Completed,PROD0025,CUST0110,STORE011,EMP0126,5,2952.52
SALE00707,2026-03-07,Completed,PROD0006,CUST0165,STORE011,EMP0187,5,6240.62
SALE00708,2025-10-18,Completed,PROD0026,CUST0173,STORE008,EMP0047,2,1972.42
SALE00709,2026-03-20,Completed,PROD0017,CUST0167,STORE012,EMP0166,5,1547.09
SALE00710,2026-03-19,Completed,PROD0012,CUST0014,STORE013,EMP0073,4,4403.32
SALE00711,2025-10-06,Completed,PROD0016,CUST0083,STORE013,EMP0006,4,943.75
SALE00712,2026-03-11,Completed,PROD0050,CUST0111,STORE020,EMP0080,3,2838.36
SALE00713,2025-12-23,Completed,PROD0026,CUST0105,STORE002,EMP0042,3,3131.96
SALE00714,2026-03-04,Completed,PROD0006,CUST0071,STORE012,EMP0046,4,4304.49
SALE00715,2026-02-26,Completed,PROD0002,CUST0032,STORE011,EMP0101,2,1749.97
SALE00716,2025-11-08,Completed,PROD0014,CUST0175,STORE004,EMP0176,1,110.16
SALE00717,2025-12-22,Completed,PROD0011,CUST0133,STORE001,EMP0156,3,2346.37
SALE00718,2026-02-25,Completed,PROD0025,CUST0120,STORE015,EMP0049,3,1819.21
SALE00719,2025-11-25,Pending,PROD0050,CUST0127,STORE013,EMP0018,1,951.59
SALE00720,2025-10-20,Pending,PROD0026,CUST0093,STORE005,EMP0037,3,3092.84
SALE00721,2025-12-12,Completed,PROD0019,CUST0133,STORE001,EMP0019,5,3630.63
SALE00722,2025-10-23,Completed,PROD0042,CUST0195,STORE020,EMP0110,2,1318.78
SALE00723,2025-10-17,Pending,PROD0049,CUST0012,STORE004,EMP0063,2,1185.15
SALE00724,2026-03-19,Completed,PROD0042,CUST0185,STORE017,EMP0117,1,585.54
SALE00725,2026-01-24,Cancelled,PROD0010,CUST0058,STORE009,EMP0166,1,261.44
SALE00726,2026-01-08,Cancelled,PROD0008,CUST0013,STORE008,EMP0104,4,693.66
SALE00727,2026-03-18,Completed,PROD0020,CUST0072,STORE012,EMP0026,1,1077.12
SALE00728,2025-11-15,Completed,PROD0032,CUST0108,STORE015,EMP0186,2,283.34
SALE00729,2026-01-28,Completed,PROD0028,CUST0137,STORE020,EMP0135,1,1114.09
SALE00730,2025-12-22,Completed,PROD0048,CUST0115,STORE016,EMP0036,2,2369.89
SALE00731,2026-01-31,Completed,PROD0020,CUST0081,STORE017,EMP0187,4,4579.94
SALE00732,2026-02-03,Completed,PROD0044,CUST0002,STORE014,EMP0193,4,1382.16
SALE00733,2026-03-09,Completed,PROD0039,CUST0101,STORE007,EMP0004,2,1424.83
SALE00734,2026-03-24,Completed,PROD0009,CUST0050,STORE001,EMP0155,4,1285.71
SALE00735,2025-11-05,Completed,PROD0023,CUST0086,STORE011,EMP0026,1,901.21
SALE00736,2025-12-21,Completed,PROD0043,CUST0021,STORE001,EMP0097,3,1309.99
SALE00737,2025-11-19,Completed,PROD0007,CUST0147,STORE012,EMP0099,2,1381.35
SALE00738,2026-03-15,Completed,PROD0024,CUST0007,STORE002,EMP0006,5,3441.2
SALE00739,2025-10-01,Completed,PROD0033,CUST0189,STORE011,EMP0029,5,6049.52
SALE00740,2026-03-02,Completed,PROD0013,CUST0058,STORE015,EMP0004,5,4882.17
SALE00741,2026-01-10,Completed,PROD0032,CUST0177,STORE008,EMP0196,3,423.6
SALE00742,2025-10-05,Completed,PROD0029,CUST0109,STORE020,EMP0165,3,92.6
SALE00743,2025-11-01,Pending,PROD0025,CUST0020,STORE016,EMP0012,4,2506.2
SALE00744,2026-03-21,Completed,PROD0031,CUST0064,STORE013,EMP0034,2,2431.66
SALE00745,2026-02-03,Completed,PROD0018,CUST0051,STORE020,EMP0064,5,3993.09
SALE00746,2025-11-12,Completed,PROD0037,CUST0043,STORE003,EMP0198,1,250.69
SALE00747,2026-02-14,Completed,PROD0039,CUST0085,STORE012,EMP0022,2,1266.55
SALE00748,2026-03-21,Completed,PROD0028,CUST0080,STORE014,EMP0069,2,2263.17
SALE00749,2026-01-10,Pending,PROD0006,CUST0017,STORE016,EMP0037,3,3259.32
SALE00750,2025-12-07,Completed,PROD0049,CUST0161,STORE004,EMP0161,4,2482.36
SALE00751,2026-01-08,Completed,PROD0028,CUST0161,STORE013,EMP0154,4,4743.02
SALE00752,2025-12-07,Pending,PROD0024,CUST0025,STORE010,EMP0004,5,3272.26
SALE00753,2025-12-26,Completed,PROD0040,CUST0008,STORE020,EMP0003,5,4569.23
SALE00754,2025-12-06,Completed,PROD0012,CUST0123,STORE007,EMP0028,2,2050.14
SALE00755,2025-10-13,Completed,PROD0028,CUST0111,STORE005,EMP0139,4,4946.65
SALE00756,2025-11-14,Cancelled,PROD0041,CUST0007,STORE017,EMP0189,2,988.97
SALE00757,2026-03-08,Completed,PROD0028,CUST0152,STORE019,EMP0087,1,1232.49
SALE00758,2025-12-09,Completed,PROD0006,CUST0161,STORE017,EMP0182,3,3555.45
SALE00759,2026-02-27,Cancelled,PROD0003,CUST0086,STORE002,EMP0022,4,4020.59
SALE00760,2025-12-21,Completed,PROD0033,CUST0065,STORE005,EMP0052,2,2172.98
SALE00761,2025-11-02,Completed,PROD0022,CUST0064,STORE016,EMP0036,3,2621.65
SALE00762,2025-11-16,Completed,PROD0030,CUST0028,STORE003,EMP0123,5,5305.53
SALE00763,2025-12-25,Completed,PROD0044,CUST0122,STORE010,EMP0195,1,343.81
SALE00764,2025-10-04,Completed,PROD0015,CUST0062,STORE018,EMP0145,2,1712.77
SALE00765,2025-11-19,Completed,PROD0042,CUST0088,STORE015,EMP0114,4,2612.29
SALE00766,2026-03-19,Completed,PROD0044,CUST0014,STORE006,EMP0042,1,309.9
SALE00767,2026-03-20,Completed,PROD0046,CUST0086,STORE015,EMP0079,1,622.82
SALE00768,2026-03-06,Cancelled,PROD0010,CUST0134,STORE004,EMP0085,2,494.99
SALE00769,2025-10-08,Completed,PROD0032,CUST0061,STORE016,EMP0123,1,158.86
SALE00770,2026-02-08,Pending,PROD0034,CUST0019,STORE018,EMP0040,4,2284.98
SALE00771,2026-02-08,Completed,PROD0041,CUST0199,STORE008,EMP0063,2,881.66
SALE00772,2025-11-09,Completed,PROD0042,CUST0154,STORE008,EMP0015,3,1762.75
SALE00773,2026-03-01,Pending,PROD0034,CUST0159,STORE007,EMP0140,1,578.24
SALE00774,2026-01-21,Completed,PROD0006,CUST0113,STORE006,EMP0178,4,4385.49
SALE00775,2025-10-25,Completed,PROD0019,CUST0196,STORE003,EMP0069,5,3736.53
SALE00776,2025-11-07,Completed,PROD0030,CUST0025,STORE004,EMP0161,4,4091.87
SALE00777,2026-03-13,Completed,PROD0028,CUST0161,STORE014,EMP0140,3,3410.46
SALE00778,2026-02-14,Completed,PROD0006,CUST0115,STORE001,EMP0032,3,3290.76
SALE00779,2026-03-18,Pending,PROD0031,CUST0149,STORE006,EMP0006,1,1241.63
SALE00780,2026-03-01,Completed,PROD0020,CUST0032,STORE011,EMP0012,5,5285.85
SALE00781,2025-11-20,Completed,PROD0010,CUST0022,STORE013,EMP0027,1,266.06
SALE00782,2025-11-26,Completed,PROD0009,CUST0016,STORE009,EMP0140,3,827.09
SALE00783,2025-11-29,Completed,PROD0044,CUST0009,STORE008,EMP0076,4,1405.39
SALE00784,2025-12-16,Completed,PROD0020,CUST0097,STORE009,EMP0027,2,2145.72
SALE00785,2026-02-23,Completed,PROD0016,CUST0081,STORE016,EMP0131,2,438.24
SALE00786,2025-10-07,Completed,PROD0034,CUST0178,STORE004,EMP0107,4,2338.13
SALE00787,2026-02-02,Completed,PROD0028,CUST0017,STORE005,EMP0037,5,6261.55
SALE00788,2025-11-23,Cancelled,PROD0019,CUST0033,STORE018,EMP0001,4,2631.22
SALE00789,2026-01-04,Completed,PROD0037,CUST0016,STORE016,EMP0058,5,1236.24
SALE00790,2026-03-02,Completed,PROD0004,CUST0114,STORE003,EMP0007,3,3480.46
SALE00791,2025-11-14,Pending,PROD0036,CUST0015,STORE011,EMP0059,1,704.93
SALE00792,2026-01-06,Completed,PROD0005,CUST0078,STORE008,EMP0110,4,2636.92
SALE00793,2026-01-19,Cancelled,PROD0003,CUST0157,STORE019,EMP0099,3,3061.25
SALE00794,2025-12-28,Completed,PROD0033,CUST0161,STORE020,EMP0038,3,3284.3
SALE00795,2025-12-20,Completed,PROD0007,CUST0111,STORE003,EMP0091,1,612.48
SALE00796,2026-01-25,Completed,PROD0033,CUST0017,STORE011,EMP0168,1,1130.03
SALE00797,2025-12-28,Completed,PROD0028,CUST0027,STORE013,EMP0074,4,4628.0
SALE00798,2026-03-18,Completed,PROD0027,CUST0174,STORE013,EMP0058,4,1782.61
SALE00799,2026-01-28,Completed,PROD0007,CUST0015,STORE018,EMP0176,2,1437.39
SALE00800,2025-12-19,Cancelled,PROD0030,CUST0144,STORE014,EMP0099,3,3305.13
SALE00801,2026-01-20,Pending,PROD0043,CUST0014,STORE008,EMP0176,2,913.16
SALE00802,2025-12-18,Completed,PROD0047,CUST0076,STORE008,EMP0184,4,487.99
SALE00803,2026-03-11,Completed,PROD0037,CUST0098,STORE009,EMP0029,2,472.42
SALE00804,2026-02-03,Completed,PROD0017,CUST0103,STORE004,EMP0126,5,1605.8
SALE00805,2025-11-18,Completed,PROD0023,CUST0025,STORE010,EMP0044,3,2570.45
SALE00806,2026-01-26,Completed,PROD0017,CUST0159,STORE003,EMP0029,5,1664.8
SALE00807,2026-02-24,Completed,PROD0038,CUST0193,STORE004,EMP0058,5,5218.83
SALE00808,2026-03-09,Completed,PROD0006,CUST0106,STORE003,EMP0027,4,4194.69
SALE00809,2025-10-26,Completed,PROD0050,CUST0060,STORE011,EMP0073,5,5395.09
SALE00810,2025-10-28,Completed,PROD0033,CUST0154,STORE019,EMP0092,4,5042.77
SALE00811,2026-03-09,Completed,PROD0002,CUST0169,STORE007,EMP0020,1,856.55
SALE00812,2026-03-01,Completed,PROD0008,CUST0160,STORE004,EMP0158,1,169.62
SALE00813,2025-12-27,Completed,PROD0048,CUST0003,STORE019,EMP0086,2,2492.79
SALE00814,2025-12-07,Cancelled,PROD0043,CUST0117,STORE012,EMP0031,1,397.47
SALE00815,2026-02-02,Completed,PROD0030,CUST0099,STORE005,EMP0093,2,2152.81
SALE00816,2026-02-11,Completed,PROD0012,CUST0119,STORE011,EMP0022,1,1002.07
SALE00817,2025-12-27,Completed,PROD0012,CUST0110,STORE013,EMP0012,1,1136.59
SALE00818,2025-11-29,Completed,PROD0026,CUST0159,STORE019,EMP0155,1,1083.96
SALE00819,2025-12-13,Completed,PROD0003,CUST0159,STORE001,EMP0039,5,4392.64
SALE00820,2026-03-03,Completed,PROD0006,CUST0026,STORE010,EMP0046,3,3659.2
SALE00821,2025-12-04,Pending,PROD0027,CUST0087,STORE002,EMP0110,2,863.32
SALE00822,2025-12-09,Completed,PROD0046,CUST0167,STORE019,EMP0136,1,587.06
SALE00823,2026-03-03,Completed,PROD0020,CUST0173,STORE018,EMP0086,5,5143.88
SALE00824,2026-01-30,Completed,PROD0021,CUST0007,STORE007,EMP0154,1,248.8
SALE00825,2026-03-03,Completed,PROD0038,CUST0117,STORE013,EMP0047,3,3545.34
SALE00826,2026-01-03,Pending,PROD0047,CUST0133,STORE014,EMP0174,2,273.12
SALE00827,2025-10-07,Pending,PROD0030,CUST0085,STORE011,EMP0109,5,5149.6
SALE00828,2025-11-06,Completed,PROD0049,CUST0151,STORE012,EMP0039,4,2276.81
SALE00829,2026-02-20,Completed,PROD0043,CUST0050,STORE005,EMP0171,4,1821.3
SALE00830,2025-11-12,Completed,PROD0029,CUST0028,STORE017,EMP0176,4,118.26
SALE00831,2026-01-11,Completed,PROD0040,CUST0027,STORE020,EMP0078,1,843.33
SALE00832,2025-12-04,Completed,PROD0017,CUST0004,STORE019,EMP0160,2,690.92
SALE00833,2025-12-02,Completed,PROD0022,CUST0153,STORE008,EMP0074,3,2772.19
SALE00834,2025-12-18,Completed,PROD0012,CUST0183,STORE004,EMP0090,4,4800.99
SALE00835,2026-02-03,Completed,PROD0014,CUST0018,STORE013,EMP0027,2,220.64
SALE00836,2025-10-28,Pending,PROD0012,CUST0152,STORE001,EMP0070,2,2253.97
SALE00837,2026-03-20,Completed,PROD0006,CUST0050,STORE018,EMP0128,2,2272.75
SALE00838,2026-03-21,Cancelled,PROD0048,CUST0147,STORE015,EMP0170,3,3767.55
SALE00839,2025-12-24,Completed,PROD0039,CUST0033,STORE011,EMP0095,3,2144.7
SALE00840,2025-11-22,Completed,PROD0017,CUST0164,STORE005,EMP0068,5,1741.17
SALE00841,2026-03-10,Completed,PROD0044,CUST0131,STORE010,EMP0183,3,949.35
SALE00842,2025-10-16,Pending,PROD0007,CUST0066,STORE008,EMP0020,1,705.95
SALE00843,2025-10-08,Pending,PROD0028,CUST0091,STORE016,EMP0001,1,1103.39
SALE00844,2025-11-24,Completed,PROD0035,CUST0108,STORE015,EMP0039,2,592.47
SALE00845,2026-03-04,Completed,PROD0002,CUST0124,STORE005,EMP0200,5,3919.02
SALE00846,2026-01-27,Cancelled,PROD0001,CUST0186,STORE020,EMP0168,5,2012.03
SALE00847,2026-01-15,Pending,PROD0026,CUST0159,STORE010,EMP0038,4,4242.36
SALE00848,2025-11-23,Completed,PROD0008,CUST0114,STORE005,EMP0082,3,496.15
SALE00849,2025-11-19,Completed,PROD0001,CUST0048,STORE002,EMP0038,2,725.39
SALE00850,2025-10-14,Pending,PROD0011,CUST0063,STORE020,EMP0100,2,1472.55
SALE00851,2025-11-28,Completed,PROD0042,CUST0036,STORE011,EMP0115,3,1898.87
SALE00852,2026-03-21,Cancelled,PROD0031,CUST0012,STORE010,EMP0185,1,1103.72
SALE00853,2026-03-14,Completed,PROD0030,CUST0016,STORE017,EMP0123,2,2153.41
SALE00854,2026-02-26,Completed,PROD0045,CUST0033,STORE004,EMP0018,2,1290.83
SALE00855,2026-03-07,Completed,PROD0026,CUST0080,STORE009,EMP0029,3,3138.14
SALE00856,2025-11-16,Completed,PROD0043,CUST0150,STORE019,EMP0148,4,1708.92
SALE00857,2026-02-17,Completed,PROD0048,CUST0112,STORE016,EMP0110,2,2587.87
SALE00858,2026-03-12,Completed,PROD0039,CUST0132,STORE007,EMP0187,1,697.32
SALE00859,2025-12-04,Completed,PROD0047,CUST0167,STORE016,EMP0072,4,555.35
SALE00860,2025-10-07,Cancelled,PROD0032,CUST0194,STORE010,EMP0038,4,629.88
SALE00861,2025-09-26,Completed,PROD0020,CUST0092,STORE013,EMP0024,3,3283.96
SALE00862,2026-01-03,Cancelled,PROD0040,CUST0080,STORE002,EMP0083,1,923.95
SALE00863,2026-01-24,Completed,PROD0040,CUST0150,STORE011,EMP0033,2,1894.78
SALE00864,2025-11-08,Completed,PROD0024,CUST0139,STORE005,EMP0047,3,1832.66
SALE00865,2025-12-13,Completed,PROD0045,CUST0199,STORE007,EMP0197,1,653.89
SALE00866,2025-11-13,Completed,PROD0044,CUST0038,STORE008,EMP0099,2,635.72
SALE00867,2026-01-29,Completed,PROD0045,CUST0038,STORE002,EMP0091,1,617.37
SALE00868,2025-10-31,Completed,PROD0044,CUST0121,STORE006,EMP0082,5,1480.67
SALE00869,2025-12-16,Completed,PROD0026,CUST0080,STORE016,EMP0127,3,3015.3
SALE00870,2026-03-21,Completed,PROD0020,CUST0155,STORE013,EMP0109,4,3899.32
SALE00871,2026-02-26,Completed,PROD0006,CUST0088,STORE010,EMP0124,5,5959.27
SALE00872,2026-03-09,Cancelled,PROD0009,CUST0075,STORE006,EMP0178,1,274.1
SALE00873,2026-02-09,Completed,PROD0009,CUST0095,STORE001,EMP0106,4,1210.56
SALE00874,2025-10-07,Pending,PROD0001,CUST0003,STORE018,EMP0155,2,692.74
SALE00875,2026-03-07,Completed,PROD0013,CUST0133,STORE013,EMP0163,4,4432.43
SALE00876,2025-10-05,Completed,PROD0008,CUST0151,STORE011,EMP0086,1,172.74
SALE00877,2026-02-17,Completed,PROD0002,CUST0169,STORE014,EMP0036,1,781.11
SALE00878,2026-01-09,Completed,PROD0045,CUST0174,STORE016,EMP0168,1,608.24
SALE00879,2025-11-18,Completed,PROD0013,CUST0038,STORE012,EMP0063,5,5434.64
SALE00880,2025-12-30,Completed,PROD0002,CUST0015,STORE013,EMP0099,3,2568.03
SALE00881,2026-01-20,Completed,PROD0014,CUST0061,STORE013,EMP0108,2,256.37
SALE00882,2026-01-14,Completed,PROD0031,CUST0130,STORE003,EMP0141,5,6075.29
SALE00883,2026-02-14,Completed,PROD0042,CUST0144,STORE017,EMP0128,5,2940.69
SALE00884,2025-10-22,Cancelled,PROD0010,CUST0014,STORE010,EMP0138,2,503.28
SALE00885,2026-01-13,Completed,PROD0042,CUST0109,STORE010,EMP0137,2,1267.34
SALE00886,2026-01-02,Completed,PROD0016,CUST0089,STORE007,EMP0127,1,248.05
SALE00887,2026-03-06,Completed,PROD0028,CUST0051,STORE018,EMP0137,1,1225.67
SALE00888,2026-03-16,Completed,PROD0041,CUST0052,STORE013,EMP0138,3,1260.22
SALE00889,2025-12-24,Completed,PROD0035,CUST0164,STORE004,EMP0059,3,929.94
SALE00890,2026-03-11,Completed,PROD0013,CUST0052,STORE005,EMP0099,4,4152.77
SALE00891,2025-12-09,Completed,PROD0006,CUST0018,STORE011,EMP0022,4,4991.86
SALE00892,2025-11-28,Completed,PROD0020,CUST0088,STORE019,EMP0149,3,3002.82
SALE00893,2025-11-01,Completed,PROD0050,CUST0049,STORE002,EMP0184,5,4752.93
SALE00894,2026-02-01,Completed,PROD0030,CUST0171,STORE010,EMP0108,3,3417.79
SALE00895,2026-01-02,Completed,PROD0010,CUST0122,STORE015,EMP0135,4,1005.61
SALE00896,2025-12-23,Completed,PROD0031,CUST0178,STORE006,EMP0148,3,3464.48
SALE00897,2025-09-27,Completed,PROD0028,CUST0178,STORE019,EMP0199,3,3763.27
SALE00898,2026-02-28,Completed,PROD0002,CUST0120,STORE005,EMP0178,4,3227.96
SALE00899,2026-03-16,Completed,PROD0008,CUST0154,STORE015,EMP0192,1,168.26
SALE00900,2026-02-02,Pending,PROD0011,CUST0178,STORE016,EMP0057,3,2330.79
SALE00901,2025-12-10,Pending,PROD0010,CUST0085,STORE010,EMP0180,3,764.2
SALE00902,2025-11-11,Completed,PROD0048,CUST0149,STORE005,EMP0023,3,3702.69
SALE00903,2026-01-17,Completed,PROD0045,CUST0145,STORE007,EMP0061,5,3245.81
SALE00904,2025-12-21,Completed,PROD0029,CUST0086,STORE007,EMP0093,5,153.15
SALE00905,2025-11-30,Pending,PROD0032,CUST0158,STORE007,EMP0001,4,589.55
SALE00906,2026-02-01,Pending,PROD0031,CUST0077,STORE001,EMP0053,1,1057.28
SALE00907,2025-10-24,Completed,PROD0002,CUST0108,STORE012,EMP0005,3,2365.52
SALE00908,2025-12-20,Completed,PROD0029,CUST0085,STORE019,EMP0093,5,127.51
SALE00909,2025-10-24,Cancelled,PROD0038,CUST0042,STORE004,EMP0143,1,1103.38
SALE00910,2026-03-11,Completed,PROD0016,CUST0027,STORE005,EMP0122,2,437.51
SALE00911,2025-10-17,Pending,PROD0013,CUST0117,STORE013,EMP0035,4,3825.87
SALE00912,2025-10-26,Completed,PROD0019,CUST0011,STORE014,EMP0029,2,1562.55
SALE00913,2025-11-02,Completed,PROD0037,CUST0127,STORE006,EMP0016,2,467.59
SALE00914,2025-12-17,Cancelled,PROD0026,CUST0057,STORE002,EMP0090,3,3375.64
SALE00915,2025-11-16,Cancelled,PROD0004,CUST0001,STORE004,EMP0093,4,4389.93
SALE00916,2026-01-10,Pending,PROD0022,CUST0164,STORE012,EMP0200,1,939.54
SALE00917,2026-01-19,Completed,PROD0001,CUST0058,STORE016,EMP0036,2,739.38
SALE00918,2026-03-07,Completed,PROD0007,CUST0178,STORE006,EMP0076,5,3123.42
SALE00919,2025-11-09,Completed,PROD0041,CUST0059,STORE002,EMP0118,4,1990.57
SALE00920,2026-03-21,Completed,PROD0046,CUST0120,STORE004,EMP0037,3,1775.73
SALE00921,2026-03-25,Completed,PROD0028,CUST0160,STORE017,EMP0142,2,2072.18
SALE00922,2026-01-29,Pending,PROD0027,CUST0055,STORE011,EMP0108,1,375.16
SALE00923,2025-12-03,Cancelled,PROD0032,CUST0062,STORE019,EMP0063,2,328.89
SALE00924,2026-01-29,Completed,PROD0048,CUST0124,STORE014,EMP0054,4,4918.31
SALE00925,2026-03-22,Completed,PROD0038,CUST0189,STORE005,EMP0058,1,1182.57
SALE00926,2025-11-15,Completed,PROD0039,CUST0197,STORE013,EMP0015,3,1909.31
SALE00927,2025-11-14,Pending,PROD0047,CUST0085,STORE008,EMP0192,5,614.08
SALE00928,2025-11-20,Completed,PROD0036,CUST0190,STORE002,EMP0036,4,3144.22
SALE00929,2026-01-22,Completed,PROD0019,CUST0097,STORE004,EMP0031,5,3683.82
SALE00930,2025-11-07,Completed,PROD0003,CUST0053,STORE008,EMP0179,2,1808.28
SALE00931,2026-02-03,Completed,PROD0032,CUST0103,STORE013,EMP0181,3,430.0
SALE00932,2026-03-16,Completed,PROD0026,CUST0048,STORE016,EMP0037,3,3249.98
SALE00933,2026-03-14,Completed,PROD0032,CUST0002,STORE010,EMP0097,3,476.01
SALE00934,2025-11-29,Completed,PROD0033,CUST0093,STORE020,EMP0188,4,5231.69
SALE00935,2025-10-29,Completed,PROD0038,CUST0003,STORE006,EMP0007,5,5353.51
SALE00936,2026-01-02,Completed,PROD0047,CUST0019,STORE013,EMP0179,4,520.01
SALE00937,2026-01-21,Completed,PROD0040,CUST0092,STORE003,EMP0109,3,2782.97
SALE00938,2026-03-15,Completed,PROD0044,CUST0008,STORE015,EMP0096,3,908.0
SALE00939,2025-10-18,Completed,PROD0032,CUST0143,STORE013,EMP0014,2,289.06
SALE00940,2026-02-02,Completed,PROD0015,CUST0030,STORE009,EMP0180,1,915.31
SALE00941,2026-02-26,Pending,PROD0046,CUST0037,STORE015,EMP0028,5,3307.39
SALE00942,2026-02-23,Completed,PROD0004,CUST0075,STORE012,EMP0170,5,5962.7
SALE00943,2026-02-14,Completed,PROD0034,CUST0113,STORE001,EMP0149,3,1622.93
SALE00944,2026-03-24,Cancelled,PROD0002,CUST0050,STORE004,EMP0019,5,4443.35
SALE00945,2026-01-08,Completed,PROD0028,CUST0162,STORE004,EMP0123,1,1142.85
SALE00946,2025-12-10,Pending,PROD0037,CUST0150,STORE003,EMP0153,4,976.53
SALE00947,2026-02-24,Pending,PROD0021,CUST0196,STORE004,EMP0041,4,875.61
SALE00948,2026-02-26,Pending,PROD0036,CUST0093,STORE016,EMP0008,5,3624.68
SALE00949,2026-02-17,Cancelled,PROD0005,CUST0012,STORE017,EMP0038,3,2238.77
SALE00950,2025-12-28,Completed,PROD0018,CUST0008,STORE008,EMP0094,3,2194.24
SALE00951,2026-03-09,Completed,PROD0042,CUST0051,STORE001,EMP0037,1,671.03
SALE00952,2025-11-15,Completed,PROD0027,CUST0051,STORE019,EMP0021,1,381.8
SALE00953,2026-03-01,Completed,PROD0031,CUST0073,STORE019,EMP0063,4,4244.24
SALE00954,2025-12-27,Completed,PROD0008,CUST0045,STORE019,EMP0020,2,336.33
SALE00955,2026-03-19,Completed,PROD0032,CUST0057,STORE016,EMP0004,4,549.93
SALE00956,2026-03-17,Completed,PROD0040,CUST0068,STORE009,EMP0146,2,1912.35
SALE00957,2026-01-04,Completed,PROD0042,CUST0185,STORE004,EMP0107,5,3286.13
SALE00958,2026-02-15,Completed,PROD0023,CUST0045,STORE019,EMP0039,3,2389.12
SALE00959,2026-03-20,Completed,PROD0029,CUST0087,STORE006,EMP0196,5,145.1
SALE00960,2026-03-25,Cancelled,PROD0045,CUST0142,STORE013,EMP0047,5,3339.02
SALE00961,2025-10-14,Completed,PROD0028,CUST0063,STORE016,EMP0121,2,2226.45
SALE00962,2026-02-09,Pending,PROD0002,CUST0046,STORE014,EMP0191,3,2307.68
SALE00963,2026-01-18,Completed,PROD0011,CUST0051,STORE010,EMP0036,4,2926.63
SALE00964,2026-02-13,Completed,PROD0019,CUST0006,STORE019,EMP0192,3,2088.24
SALE00965,2025-11-18,Completed,PROD0047,CUST0046,STORE005,EMP0136,1,137.82
SALE00966,2026-02-12,Completed,PROD0013,CUST0068,STORE004,EMP0179,3,3009.17
SALE00967,2026-03-06,Pending,PROD0031,CUST0026,STORE011,EMP0077,1,1207.84
SALE00968,2025-10-16,Completed,PROD0023,CUST0006,STORE003,EMP0121,4,3395.1
SALE00969,2026-02-14,Completed,PROD0029,CUST0174,STORE018,EMP0106,1,29.76
SALE00970,2026-02-25,Completed,PROD0015,CUST0036,STORE006,EMP0185,2,1896.05
SALE00971,2025-12-11,Completed,PROD0033,CUST0098,STORE013,EMP0087,3,3642.45
SALE00972,2026-02-17,Pending,PROD0015,CUST0168,STORE001,EMP0114,5,4484.81
SALE00973,2026-02-11,Pending,PROD0038,CUST0029,STORE013,EMP0166,1,1033.63
SALE00974,2025-10-10,Completed,PROD0044,CUST0087,STORE018,EMP0178,1,327.21
SALE00975,2025-09-27,Pending,PROD0022,CUST0054,STORE018,EMP0004,4,3374.61
SALE00976,2025-10-07,Pending,PROD0039,CUST0079,STORE017,EMP0074,3,1887.43
SALE00977,2026-02-01,Cancelled,PROD0046,CUST0117,STORE016,EMP0029,1,563.05
SALE00978,2025-09-30,Completed,PROD0043,CUST0062,STORE003,EMP0040,4,1772.36
SALE00979,2025-12-14,Completed,PROD0030,CUST0095,STORE017,EMP0016,3,3123.64
SALE00980,2025-10-26,Cancelled,PROD0009,CUST0096,STORE019,EMP0165,1,300.33
SALE00981,2026-02-17,Cancelled,PROD0019,CUST0170,STORE018,EMP0009,1,748.55
SALE00982,2025-09-26,Completed,PROD0047,CUST0044,STORE004,EMP0155,3,373.08
SALE00983,2026-01-24,Completed,PROD0046,CUST0135,STORE007,EMP0193,2,1221.73
SALE00984,2026-01-12,Completed,PROD0025,CUST0160,STORE004,EMP0045,3,1864.53
SALE00985,2025-10-26,Completed,PROD0027,CUST0112,STORE006,EMP0129,3,1244.23
SALE00986,2026-02-08,Completed,PROD0044,CUST0183,STORE020,EMP0042,5,1756.22
SALE00987,2026-02-25,Completed,PROD0042,CUST0017,STORE006,EMP0003,5,3378.25
SALE00988,2025-11-08,Cancelled,PROD0048,CUST0031,STORE001,EMP0102,2,2410.14
SALE00989,2026-01-09,Completed,PROD0024,CUST0037,STORE018,EMP0109,1,730.28
SALE00990,2025-11-12,Completed,PROD0031,CUST0034,STORE015,EMP0175,3,3263.18
SALE00991,2025-11-13,Pending,PROD0011,CUST0049,STORE011,EMP0117,2,1404.08
SALE00992,2026-02-21,Completed,PROD0040,CUST0050,STORE004,EMP0142,2,1765.65
SALE00993,2026-03-22,Completed,PROD0014,CUST0137,STORE002,EMP0183,4,452.89
SALE00994,2026-01-24,Completed,PROD0019,CUST0097,STORE005,EMP0067,5,3949.89
SALE00995,2025-11-18,Completed,PROD0045,CUST0178,STORE019,EMP0147,1,634.51
SALE00996,2025-10-08,Completed,PROD0048,CUST0096,STORE007,EMP0129,3,3281.27
SALE00997,2026-01-21,Completed,PROD0006,CUST0082,STORE006,EMP0079,2,2311.94
SALE00998,2026-02-27,Completed,PROD0043,CUST0154,STORE003,EMP0182,1,393.79
SALE00999,2025-12-11,Pending,PROD0031,CUST0110,STORE018,EMP0059,4,4229.4
SALE01000,2026-01-12,Completed,PROD0009,CUST0163,STORE009,EMP0109,3,981.29
